Block,Cell1_0-20,Cell1_20-40,Cell1_40-60,Cell1_60-80,Cell1_80-100,Cell1_100-120,Cell1_120-140,Cell1_140-160,Cell1_160-180,Cell2_0-20,Cell2_20-40,Cell2_40-60,Cell2_60-80,Cell2_80-100,Cell2_100-120,Cell2_120-140,Cell2_140-160,Cell2_160-180,Cell3_0-20,Cell3_20-40,Cell3_40-60,Cell3_60-80,Cell3_80-100,Cell3_100-120,Cell3_120-140,Cell3_140-160,Cell3_160-180,Cell4_0-20,Cell4_20-40,Cell4_40-60,Cell4_60-80,Cell4_80-100,Cell4_100-120,Cell4_120-140,Cell4_140-160,Cell4_160-180
1,0.158233,0.148636,0.032775,0.074640,0.088947,0.232529,0.240953,0.387915,0.257003,0.239191,0.019468,0.063517,0.118217,0.105830,0.071229,0.052590,0.199228,0.194220,0.181144,0.109784,0.031570,0.036031,0.082138,0.113095,0.253352,0.190078,0.147377,0.133178,0.114599,0.141257,0.102935,0.062370,0.055495,0.176384,0.270154,0.276380
2,0.147285,0.011988,0.039111,0.072794,0.065166,0.043860,0.032383,0.122677,0.119594,0.019802,0.035827,0.039641,0.104300,0.111544,0.110026,0.091148,0.053711,0.080049,0.082006,0.070566,0.086981,0.063384,0.038405,0.034172,0.108611,0.166351,0.170184,0.039691,0.020503,0.076902,0.369568,0.583789,0.495714,0.199069,0.103083,0.053292
3,0.018568,0.033594,0.037170,0.097800,0.104591,0.103169,0.085468,0.050364,0.075060,0.111868,0.151512,0.038682,0.035704,0.120578,0.030113,0.138689,0.036102,0.097731,0.037218,0.019225,0.072109,0.346535,0.547403,0.464818,0.186662,0.096658,0.049971,0.069474,0.092394,0.120891,0.132366,0.262645,0.199189,0.105894,0.108070,0.016301
4,0.139361,0.188747,0.048189,0.044478,0.150211,0.037513,0.172772,0.044975,0.121749,0.118860,0.066963,0.120777,0.060082,0.072320,0.100264,0.142618,0.058838,0.081549,0.086548,0.115100,0.150601,0.164896,0.327191,0.248141,0.131919,0.134628,0.020307,0.037792,0.096160,0.078809,0.356118,0.545838,0.053571,0.230259,0.072513,0.097331
5,0.126076,0.071029,0.128109,0.063730,0.076710,0.106352,0.151276,0.062410,0.086500,0.042171,0.009822,0.155335,0.146693,0.345757,0.222900,0.087899,0.000000,0.033828,0.040086,0.101998,0.083594,0.377739,0.578978,0.056823,0.244238,0.076916,0.103240,0.113002,0.162899,0.084194,0.072606,0.141734,0.044433,0.112971,0.119202,0.066689
6,0.050377,0.011733,0.185561,0.175238,0.413038,0.266273,0.105004,0.000000,0.040411,0.012517,0.064241,0.086114,0.144286,0.346368,0.180328,0.069483,0.078598,0.012044,0.134991,0.194597,0.100578,0.086734,0.169314,0.053079,0.134954,0.142397,0.079666,0.291305,0.189847,0.240521,0.174795,0.191842,0.106266,0.057561,0.166568,0.208224
7,0.009765,0.050113,0.067177,0.112556,0.270198,0.140671,0.054203,0.061314,0.009396,0.176600,0.054373,0.000000,0.162445,0.233053,0.406648,0.245419,0.136989,0.199971,0.227244,0.148097,0.187627,0.136356,0.149654,0.082897,0.044903,0.129938,0.162433,0.142535,0.104662,0.007953,0.052451,0.060684,0.044888,0.224092,0.194418,0.389510
8,0.174766,0.105918,0.030458,0.034763,0.079246,0.109113,0.244431,0.183386,0.142188,0.128489,0.110564,0.136283,0.099311,0.060174,0.053541,0.170173,0.260643,0.266649,0.147837,0.212268,0.082332,0.207364,0.185860,0.091100,0.144783,0.168740,0.209525,0.075792,0.176605,0.265454,0.247258,0.315579,0.165906,0.136049,0.133517,0.088384
9,0.071725,0.061719,0.076076,0.055437,0.033590,0.029888,0.094994,0.145495,0.148848,0.034715,0.017933,0.067260,0.323235,0.510598,0.433565,0.174112,0.090159,0.046611,0.042308,0.098584,0.148181,0.138024,0.176162,0.092612,0.075945,0.074532,0.049338,0.110028,0.227656,0.112034,0.193378,0.111865,0.243752,0.145727,0.103089,0.066505
10,0.032669,0.016876,0.063295,0.304179,0.480496,0.408005,0.163847,0.084844,0.043863,0.060983,0.081101,0.106115,0.116188,0.230543,0.174843,0.092951,0.094861,0.014309,0.103541,0.214235,0.105429,0.181977,0.105270,0.229382,0.137136,0.097012,0.062584,0.036176,0.043097,0.039994,0.050712,0.109490,0.125040,0.058872,0.304160,0.067556
11,0.062426,0.083020,0.108626,0.118937,0.235998,0.178980,0.095151,0.097106,0.014647,0.027259,0.069359,0.056844,0.256863,0.393705,0.038640,0.166082,0.052303,0.070203,0.037032,0.044117,0.040940,0.051912,0.112081,0.127999,0.060265,0.311358,0.069155,0.169639,0.096164,0.072087,0.097277,0.405040,0.399219,0.191933,0.187079,0.019570
12,0.028895,0.073521,0.060255,0.272277,0.417332,0.040959,0.176049,0.055442,0.074416,0.081453,0.117419,0.060688,0.052335,0.102163,0.032027,0.081430,0.085922,0.048070,0.179819,0.101935,0.076413,0.103115,0.429347,0.423177,0.203451,0.198306,0.020745,0.056717,0.041237,0.081976,0.140876,0.224402,0.221382,0.056694,0.073454,0.051891
13,0.115295,0.166203,0.085902,0.074079,0.144609,0.045334,0.115262,0.121620,0.068042,0.248800,0.162146,0.205426,0.149291,0.163851,0.090760,0.049163,0.142264,0.177842,0.080282,0.058371,0.116034,0.199407,0.317636,0.313361,0.080248,0.103972,0.073451,0.108797,0.168284,0.119751,0.185701,0.103304,0.112075,0.454908,0.107476,0.181590
14,0.203463,0.132599,0.167993,0.122087,0.133993,0.074222,0.040204,0.116341,0.145435,0.127619,0.093710,0.007121,0.046962,0.054334,0.040191,0.200641,0.174073,0.348749,0.088972,0.137619,0.097930,0.151862,0.084480,0.091653,0.372014,0.087891,0.148500,0.153037,0.225443,0.074088,0.086165,0.240901,0.089483,0.229821,0.307126,0.265503
15,0.118022,0.169459,0.065728,0.165545,0.148378,0.072728,0.115585,0.134710,0.167270,0.060507,0.140989,0.211920,0.197394,0.251936,0.132447,0.108612,0.106591,0.070560,0.076573,0.054946,0.033085,0.107771,0.309283,0.284531,0.354389,0.185209,0.075191,0.098706,0.185013,0.104682,0.277239,0.212560,0.196800,0.117252,0.120996,0.120117
16,0.053765,0.125280,0.188308,0.175401,0.223866,0.117690,0.096510,0.094715,0.062698,0.139823,0.289305,0.142373,0.245744,0.142158,0.309759,0.185189,0.131005,0.084514,0.087709,0.164399,0.093018,0.246350,0.188877,0.174873,0.104188,0.107515,0.106733,0.159180,0.251588,0.124705,0.118432,0.164170,0.134992,0.183792,0.122092,0.232686
17,0.127996,0.264834,0.130330,0.224957,0.130133,0.283557,0.169524,0.119924,0.077365,0.044720,0.053276,0.049439,0.062689,0.135350,0.154572,0.072776,0.375997,0.083511,0.145715,0.230307,0.114156,0.108414,0.150283,0.123574,0.168245,0.111765,0.213004,0.071852,0.084455,0.124679,0.131738,0.139750,0.146849,0.323889,0.244914,0.134593
18,0.035738,0.042575,0.039509,0.050097,0.108164,0.123526,0.058159,0.300477,0.066738,0.163711,0.092804,0.069568,0.093878,0.390885,0.385268,0.185225,0.180542,0.018886,0.057421,0.067492,0.099637,0.105278,0.111681,0.117354,0.258835,0.195722,0.107560,0.048039,0.027398,0.180909,0.226521,0.388217,0.153638,0.113270,0.061946,0.012091
19,0.170210,0.096488,0.072330,0.097605,0.406403,0.400563,0.192579,0.187709,0.019636,0.053686,0.039034,0.077595,0.133348,0.212411,0.209552,0.053664,0.069528,0.049118,0.049946,0.028486,0.188091,0.235514,0.403629,0.159738,0.117767,0.064405,0.012571,0.039357,0.069160,0.099320,0.076120,0.141852,0.182439,0.165689,0.051610,0.122478
20,0.069064,0.050214,0.099820,0.171543,0.273251,0.269574,0.069035,0.089443,0.063187,0.093595,0.144769,0.103018,0.159752,0.088869,0.096415,0.391342,0.092458,0.156216,0.050631,0.088970,0.127768,0.097923,0.182483,0.234695,0.213148,0.066392,0.157560,0.021874,0.037330,0.349209,0.214283,0.247994,0.192156,0.197711,0.038929,0.108959
21,0.078577,0.121540,0.086487,0.134119,0.074609,0.080944,0.328547,0.077622,0.131149,0.135156,0.199102,0.065432,0.076097,0.212754,0.079028,0.202969,0.271241,0.234481,0.018364,0.031340,0.293175,0.179899,0.208201,0.161323,0.165987,0.032683,0.091476,0.326990,0.102911,0.057704,0.137941,0.096229,0.083234,0.038126,0.249487,0.274423
22,0.040547,0.029095,0.017520,0.057068,0.163774,0.150667,0.187659,0.098073,0.039816,0.052268,0.097970,0.055432,0.146806,0.112557,0.104211,0.062088,0.064071,0.063605,0.081257,0.060561,0.204473,0.419725,0.510016,0.192849,0.124112,0.033427,0.045555,0.242794,0.091798,0.144386,0.052354,0.092004,0.248473,0.246815,0.082702,0.228991
23,0.066202,0.124088,0.070210,0.185944,0.142564,0.131994,0.078641,0.081152,0.080562,0.120149,0.189898,0.094127,0.089392,0.123915,0.101892,0.138726,0.092155,0.175631,0.307522,0.116272,0.182880,0.066312,0.116533,0.314715,0.312616,0.104750,0.290039,0.083283,0.171764,0.080103,0.119173,0.075176,0.124168,0.131441,0.301778,0.306894
24,0.109919,0.173730,0.086113,0.081781,0.113365,0.093217,0.126914,0.084309,0.160678,0.054201,0.063708,0.094051,0.099376,0.105419,0.110774,0.244323,0.184749,0.101530,0.076192,0.157140,0.073283,0.109027,0.068775,0.113596,0.120250,0.276085,0.280765,0.073256,0.066079,0.091645,0.131657,0.380814,0.519813,0.143745,0.112167,0.031410
25,0.048640,0.057171,0.084401,0.089179,0.094603,0.099409,0.219255,0.165793,0.091112,0.040693,0.023209,0.153245,0.191883,0.328852,0.130145,0.095949,0.052473,0.010242,0.065740,0.059299,0.082242,0.118149,0.341742,0.466479,0.128996,0.100658,0.028187,0.057634,0.112642,0.069335,0.142865,0.464129,0.132139,0.067013,0.086382,0.019432
26,0.040014,0.022821,0.150687,0.188680,0.323363,0.127972,0.094348,0.051597,0.010071,0.031531,0.055407,0.079569,0.060983,0.113643,0.146159,0.132740,0.041346,0.098122,0.056672,0.110762,0.068177,0.140481,0.456381,0.129934,0.065895,0.084940,0.019108,0.002683,0.047189,0.090554,0.228928,0.586469,0.148222,0.152029,0.027678,0.005379
27,0.035256,0.061953,0.088970,0.068188,0.127071,0.163428,0.148424,0.046232,0.109715,0.015232,0.025995,0.243169,0.149214,0.172689,0.133806,0.137675,0.027108,0.075873,0.003001,0.052764,0.101253,0.255976,0.655761,0.165734,0.169991,0.030948,0.006014,0.025194,0.051089,0.015770,0.017335,0.409095,0.044877,0.052820,0.007284,0.076545
28,0.017821,0.030413,0.284504,0.174578,0.202044,0.156551,0.161077,0.031716,0.088770,0.317319,0.099867,0.055997,0.133862,0.093383,0.080773,0.036998,0.242108,0.266306,0.029477,0.059773,0.018451,0.020282,0.478636,0.052506,0.061799,0.008522,0.089557,0.185789,0.269938,0.087462,0.031872,0.203214,0.127358,0.133147,0.102530,0.241964
29,0.067993,0.050676,0.171097,0.351213,0.426765,0.161370,0.103853,0.027971,0.038119,0.203162,0.076814,0.120818,0.043808,0.076986,0.207914,0.206527,0.069202,0.191612,0.199488,0.085677,0.035906,0.126426,0.271805,0.159679,0.117396,0.074693,0.319930,0.062130,0.030038,0.146220,0.140854,0.152414,0.183924,0.167186,0.070694,0.022382
30,0.260395,0.098453,0.154854,0.056150,0.098674,0.266486,0.264708,0.088697,0.245592,0.070520,0.145442,0.067828,0.100910,0.063655,0.105140,0.111298,0.255532,0.259864,0.079632,0.038500,0.187413,0.180534,0.195351,0.235737,0.214284,0.090609,0.028687,0.102751,0.045069,0.087002,0.120368,0.259402,0.163503,0.338589,0.065882,0.057079
31,0.069857,0.144075,0.067190,0.099962,0.063057,0.104152,0.110252,0.253130,0.257421,0.067165,0.060585,0.084025,0.120711,0.349152,0.476594,0.131793,0.102841,0.028799,0.101785,0.044646,0.086184,0.119237,0.256964,0.161966,0.335407,0.065263,0.056543,0.124470,0.057214,0.156806,0.157262,0.091593,0.105262,0.228101,0.081348,0.049798
32,0.049259,0.044433,0.061624,0.088529,0.256067,0.349533,0.096657,0.075423,0.021121,0.043185,0.084403,0.051952,0.107049,0.347772,0.099012,0.050213,0.064726,0.014560,0.091286,0.041961,0.115001,0.115335,0.067174,0.077199,0.167289,0.059660,0.036522,0.012850,0.008780,0.008607,0.167948,0.668073,0.254445,0.011760,0.004802,0.014330
33,0.038382,0.075015,0.046174,0.095142,0.309090,0.087999,0.044628,0.057527,0.012941,0.001817,0.031959,0.061329,0.155044,0.397193,0.100385,0.102964,0.018745,0.003643,0.011421,0.007803,0.007650,0.149267,0.593765,0.226144,0.010452,0.004268,0.012736,0.029605,0.012451,0.042872,0.160264,0.456814,0.030847,0.015601,0.017674,0.008851
34,0.002079,0.036558,0.070154,0.177355,0.454349,0.114830,0.117780,0.021442,0.004167,0.017456,0.035397,0.010927,0.012011,0.283445,0.031094,0.036597,0.005047,0.053035,0.033865,0.014243,0.049041,0.183327,0.522550,0.035285,0.017846,0.020217,0.010125,0.024196,0.008192,0.018090,0.041310,0.563630,0.077104,0.023749,0.040201,0.004649
35,0.019192,0.038918,0.012013,0.013205,0.311636,0.034186,0.040237,0.005549,0.058310,0.120966,0.175755,0.056946,0.020752,0.132311,0.082922,0.086691,0.066756,0.157541,0.026603,0.009006,0.019889,0.045419,0.619688,0.084773,0.026111,0.044199,0.005111,0.038470,0.027219,0.109989,0.059662,0.383500,0.123467,0.072516,0.070699,0.443322
36,0.207187,0.088984,0.037291,0.131305,0.282294,0.165842,0.121927,0.077575,0.332277,0.064528,0.031198,0.151864,0.146290,0.158297,0.191022,0.173638,0.073422,0.023246,0.408015,0.004838,0.013177,0.017617,0.018198,0.015232,0.012910,0.013257,0.138436,0.398543,0.073454,0.085603,0.023428,0.003059,0.001977,0.024887,0.097038,0.419044
37,0.077144,0.037297,0.181556,0.174893,0.189247,0.228371,0.207588,0.087777,0.027791,0.099540,0.043661,0.084283,0.116606,0.251296,0.158393,0.328008,0.063824,0.055295,0.476466,0.087815,0.102340,0.028009,0.003657,0.002363,0.029753,0.116010,0.500975,0.029965,0.014647,0.003096,0.020941,0.055939,0.019775,0.063375,0.098350,0.154919
38,0.111221,0.048784,0.094174,0.130291,0.280786,0.176982,0.366501,0.071313,0.061784,0.136010,0.062518,0.171343,0.171841,0.100085,0.115020,0.249248,0.088889,0.054415,0.033481,0.016366,0.003459,0.023398,0.062504,0.022096,0.070813,0.109892,0.173100,0.247818,0.082099,0.050913,0.023747,0.032322,0.021380,0.140578,0.419823,0.454165
39,0.095936,0.044098,0.120859,0.121210,0.070596,0.081131,0.175810,0.062699,0.038382,0.013504,0.009227,0.009045,0.176503,0.702104,0.267406,0.012359,0.005047,0.015060,0.174802,0.057910,0.035912,0.016751,0.022799,0.015081,0.099159,0.296128,0.320351,0.121331,0.035850,0.014467,0.017806,0.019510,0.012857,0.014090,0.036387,0.245626
40,0.013327,0.009106,0.008926,0.174179,0.692857,0.263884,0.012196,0.004981,0.014862,0.034545,0.014529,0.050027,0.187011,0.533051,0.035994,0.018205,0.020623,0.010329,0.119733,0.035377,0.014277,0.017572,0.019253,0.012688,0.013904,0.035908,0.242391,0.011263,0.004201,0.013006,0.032269,0.032213,0.023002,0.024137,0.068540,0.094807
41,0.040265,0.016935,0.058309,0.217972,0.621301,0.041954,0.021219,0.024037,0.012039,0.028769,0.009740,0.021509,0.049117,0.670145,0.091675,0.028237,0.047798,0.005527,0.013127,0.004896,0.015159,0.037611,0.037546,0.026811,0.028133,0.079887,0.110503,0.099444,0.049569,0.000000,0.020526,0.016717,0.037100,0.038074,0.101070,0.210669
42,0.021560,0.007299,0.016119,0.036809,0.502214,0.068702,0.021161,0.035820,0.004142,0.031177,0.022059,0.089139,0.048352,0.310800,0.100062,0.058769,0.057297,0.359282,0.074524,0.037148,0.000000,0.015382,0.012528,0.027803,0.028533,0.075743,0.157878,0.519567,0.054144,0.000000,0.021500,0.018613,0.021309,0.025307,0.062982,0.408266
43,0.360395,0.004273,0.011639,0.015561,0.016074,0.013454,0.011403,0.011709,0.122279,0.352028,0.064881,0.075612,0.020694,0.002702,0.001746,0.021982,0.085712,0.370136,0.077480,0.012501,0.010946,0.019936,0.009577,0.014313,0.036525,0.022471,0.496374,0.376704,0.118237,0.028370,0.028474,0.012105,0.003003,0.009189,0.029420,0.401418
44,0.421267,0.077642,0.090483,0.024764,0.003233,0.002089,0.026306,0.102570,0.442937,0.026493,0.012950,0.002737,0.018515,0.049458,0.017484,0.056033,0.086957,0.136972,0.450797,0.141492,0.033950,0.034075,0.014486,0.003594,0.010996,0.035207,0.480372,0.223364,0.124901,0.014822,0.000866,0.007278,0.031961,0.038606,0.159626,0.123291
45,0.033369,0.016311,0.003447,0.023320,0.062294,0.022022,0.070575,0.109524,0.172519,0.246987,0.081824,0.050742,0.023668,0.032213,0.021308,0.140107,0.418416,0.452642,0.281333,0.157316,0.018669,0.001090,0.009167,0.040255,0.048626,0.201053,0.155288,0.094925,0.097078,0.037386,0.053886,0.015701,0.203854,0.114169,0.425120,0.209514
46,0.201006,0.066591,0.041295,0.019262,0.026216,0.017341,0.114023,0.340520,0.368374,0.139520,0.041224,0.016636,0.020475,0.022435,0.014784,0.016202,0.041842,0.282447,0.077253,0.079005,0.030426,0.043854,0.012778,0.165902,0.092914,0.345976,0.170509,0.208145,0.072636,0.096481,0.028274,0.012357,0.022258,0.048393,0.133878,0.550725
47,0.176431,0.052130,0.021037,0.025892,0.028370,0.018696,0.020488,0.052911,0.357172,0.016596,0.006190,0.019165,0.047549,0.047466,0.033895,0.035567,0.100995,0.139702,0.263213,0.091852,0.122007,0.035754,0.015626,0.028147,0.061197,0.169298,0.696426,0.269758,0.087170,0.067510,0.002610,0.004583,0.043897,0.052630,0.145918,0.269246
48,0.023210,0.008656,0.026803,0.066500,0.066384,0.047403,0.049741,0.141246,0.195379,0.175825,0.087643,0.000000,0.036291,0.029557,0.065596,0.067318,0.178699,0.372480,0.377267,0.121911,0.094415,0.003651,0.006410,0.061392,0.073606,0.204072,0.376551,0.138608,0.045902,0.030345,0.027766,0.012900,0.046696,0.138769,0.234274,0.498413
49,0.078281,0.039020,0.000000,0.016157,0.013159,0.029205,0.029972,0.079561,0.165836,0.545757,0.056873,0.000000,0.022584,0.019551,0.022383,0.026583,0.066156,0.428845,0.061711,0.020437,0.013510,0.012362,0.005743,0.020790,0.061783,0.104304,0.221904,0.425964,0.096728,0.027013,0.003204,0.009799,0.002611,0.032265,0.250245,0.374954
50,0.070264,0.011337,0.009926,0.018080,0.008685,0.012980,0.033124,0.020378,0.450148,0.341623,0.107226,0.025728,0.025822,0.010978,0.002723,0.008333,0.026680,0.364035,0.108173,0.077938,0.020366,0.008517,0.007312,0.019970,0.081473,0.092002,0.466938,0.286932,0.054882,0.015974,0.022757,0.020296,0.000000,0.006487,0.197247,0.387082
51,0.399818,0.125491,0.030111,0.030221,0.012848,0.003187,0.009753,0.031225,0.426048,0.198105,0.110777,0.013146,0.000768,0.006455,0.028346,0.034240,0.141575,0.109348,0.335810,0.064231,0.018695,0.026634,0.023754,0.000000,0.007592,0.230847,0.453020,0.241256,0.151892,0.065553,0.047126,0.003007,0.033414,0.033386,0.162354,0.246215
52,0.252111,0.140976,0.016730,0.000977,0.008215,0.036074,0.043575,0.180170,0.139158,0.085065,0.086995,0.033503,0.048289,0.014070,0.182680,0.102311,0.380963,0.187752,0.307026,0.193300,0.083424,0.059973,0.003827,0.042523,0.042488,0.206614,0.313338,0.238812,0.056353,0.064075,0.033024,0.024387,0.041352,0.193237,0.382559,0.283599
53,0.071374,0.072993,0.028111,0.040517,0.011806,0.153278,0.085844,0.319650,0.157534,0.192307,0.067109,0.089140,0.026122,0.011417,0.020565,0.044711,0.123691,0.508819,0.200376,0.047284,0.053762,0.027709,0.020462,0.034697,0.162137,0.320989,0.237955,0.344863,0.197819,0.159632,0.035916,0.034016,0.049563,0.048842,0.152141,0.233869
54,0.183545,0.064051,0.085079,0.024932,0.010896,0.019628,0.042674,0.118056,0.485636,0.188109,0.060786,0.047076,0.001820,0.003196,0.030611,0.036701,0.101752,0.187752,0.329151,0.188806,0.152359,0.034279,0.032467,0.047305,0.046616,0.145210,0.223214,0.238786,0.059289,0.015010,0.006775,0.037498,0.035306,0.154003,0.171028,0.501866
55,0.234024,0.075623,0.058567,0.002265,0.003976,0.038082,0.045659,0.126588,0.233580,0.085981,0.028474,0.018823,0.017224,0.008002,0.028966,0.086081,0.145324,0.309172,0.297070,0.073760,0.018674,0.008428,0.046650,0.043923,0.191592,0.212773,0.624363,0.071327,0.044531,0.036900,0.036012,0.004344,0.023048,0.239015,0.281108,0.107776
56,0.070603,0.023381,0.015457,0.014143,0.006571,0.023786,0.070685,0.119333,0.253877,0.487340,0.110666,0.030905,0.003665,0.011211,0.002987,0.036914,0.286302,0.428980,0.058570,0.036566,0.030301,0.029571,0.003567,0.018926,0.196267,0.230832,0.088501,0.244271,0.070847,0.039859,0.116549,0.040686,0.058867,0.072435,0.262167,0.354961
57,0.113188,0.081551,0.021311,0.008912,0.007651,0.020896,0.085250,0.096267,0.488585,0.300234,0.057426,0.016714,0.023812,0.021237,0.000000,0.006788,0.206391,0.405027,0.335945,0.138566,0.016582,0.031905,0.046829,0.051438,0.136489,0.148595,0.274957,0.159147,0.024956,0.032616,0.043196,0.011055,0.012335,0.032544,0.052042,0.367978
58,0.345182,0.066024,0.019217,0.027377,0.024417,0.000000,0.007804,0.237290,0.465664,0.247989,0.156131,0.067383,0.048441,0.003091,0.034346,0.034318,0.166885,0.253087,0.182973,0.028692,0.037498,0.049663,0.012711,0.014181,0.037416,0.059833,0.423068,0.152981,0.157525,0.120573,0.031789,0.001612,0.021637,0.022476,0.202997,0.293392
59,0.295139,0.185817,0.080194,0.057651,0.003679,0.040876,0.040843,0.198615,0.301207,0.229566,0.054172,0.061594,0.031745,0.023443,0.039751,0.185756,0.367749,0.272619,0.182068,0.187476,0.143498,0.037833,0.001918,0.025751,0.026749,0.241593,0.349175,0.136378,0.199038,0.118745,0.051893,0.088572,0.140333,0.107027,0.177928,0.103924
60,0.238844,0.056361,0.064084,0.033028,0.024390,0.041358,0.193263,0.382611,0.283637,0.411069,0.235796,0.190277,0.042810,0.040547,0.059078,0.058218,0.181349,0.278766,0.141889,0.207082,0.123544,0.053990,0.092152,0.146005,0.111352,0.185118,0.108123,0.044156,0.126581,0.190077,0.105020,0.179486,0.072886,0.071465,0.053718,0.079580
61,0.374769,0.214973,0.173475,0.039030,0.036966,0.053861,0.053077,0.165335,0.254149,0.271880,0.067506,0.017091,0.007713,0.042695,0.040199,0.175346,0.194731,0.571421,0.040257,0.115404,0.173292,0.095746,0.163636,0.066450,0.065154,0.048974,0.072552,0.133767,0.132660,0.044577,0.047894,0.054501,0.070187,0.071964,0.116785,0.203785
62,0.282100,0.070043,0.017733,0.008003,0.044299,0.041710,0.181938,0.202051,0.592901,0.067733,0.042287,0.035041,0.034197,0.004125,0.021887,0.226971,0.266942,0.102345,0.138796,0.137647,0.046253,0.049694,0.056549,0.072826,0.074669,0.121175,0.211445,0.252251,0.188055,0.058093,0.042489,0.055816,0.054946,0.287945,0.128390,0.132147
63,0.062944,0.039297,0.032563,0.031779,0.003833,0.020339,0.210922,0.248068,0.095109,0.262511,0.076137,0.042835,0.125251,0.043724,0.063262,0.077844,0.281742,0.381466,0.234416,0.174758,0.053985,0.039484,0.051869,0.051061,0.267586,0.119312,0.122803,0.296664,0.132442,0.045207,0.012659,0.062845,0.031213,0.025503,0.232892,0.429041
64,0.400882,0.165351,0.019788,0.038072,0.055881,0.061380,0.162872,0.177318,0.328105,0.189910,0.029780,0.038920,0.051546,0.013192,0.014719,0.038835,0.062101,0.439106,0.175619,0.065075,0.069069,0.052320,0.022539,0.097656,0.092165,0.129877,0.425772,0.225858,0.061547,0.048956,0.061949,0.016927,0.020364,0.094424,0.158962,0.206667
65,0.239708,0.037588,0.049126,0.065062,0.016652,0.018579,0.049018,0.078386,0.554249,0.200417,0.206369,0.157960,0.041646,0.002112,0.028346,0.029445,0.265941,0.384365,0.285082,0.077686,0.061794,0.078194,0.021366,0.025703,0.119184,0.200645,0.260859,0.134029,0.096978,0.041883,0.050729,0.041708,0.083223,0.036737,0.129360,0.096072
66,0.239264,0.246370,0.188577,0.049719,0.002521,0.033840,0.035152,0.317489,0.458867,0.179220,0.261565,0.156048,0.068195,0.116397,0.184418,0.140649,0.233823,0.136571,0.160008,0.115775,0.050001,0.060562,0.049792,0.099354,0.043858,0.154434,0.114694,0.239736,0.205167,0.104293,0.063341,0.045607,0.058335,0.098281,0.132086,0.128747
67,0.197128,0.287701,0.171641,0.075009,0.128028,0.202846,0.154703,0.257187,0.150217,0.061347,0.175861,0.264077,0.145906,0.249361,0.101261,0.099287,0.074630,0.110561,0.263691,0.225667,0.114714,0.069670,0.050164,0.064164,0.108101,0.145284,0.141612,0.173073,0.179133,0.167738,0.111575,0.038024,0.054414,0.089547,0.186333,0.315552
68,0.057288,0.164227,0.246606,0.136253,0.232865,0.094562,0.092719,0.069693,0.103247,0.190360,0.188784,0.063436,0.068156,0.077558,0.099881,0.102410,0.166193,0.289999,0.161624,0.167282,0.156641,0.104194,0.035509,0.050814,0.083623,0.174007,0.294676,0.305762,0.126594,0.074184,0.038906,0.005903,0.050836,0.040400,0.119176,0.481567
69,0.180537,0.179043,0.060163,0.064640,0.073556,0.094727,0.097126,0.157618,0.275036,0.328114,0.244611,0.075564,0.055267,0.072602,0.071470,0.374542,0.167002,0.171889,0.289985,0.120062,0.070356,0.036899,0.005599,0.048213,0.038315,0.113027,0.456719,0.150754,0.028448,0.085291,0.051468,0.092336,0.114884,0.127722,0.090086,0.096292
70,0.282864,0.210877,0.065143,0.047645,0.062589,0.061614,0.322890,0.143971,0.148184,0.357978,0.159815,0.054550,0.015275,0.075834,0.037664,0.030774,0.281026,0.517714,0.129964,0.024524,0.073529,0.044370,0.079602,0.099040,0.110108,0.077662,0.083013,0.178151,0.097648,0.061460,0.029875,0.016274,0.083930,0.168447,0.122971,0.198802
71,0.216929,0.080382,0.085316,0.064627,0.027841,0.120628,0.113845,0.160428,0.525927,0.278987,0.076025,0.060472,0.076522,0.020909,0.025154,0.116635,0.196355,0.255281,0.273594,0.044931,0.012396,0.040487,0.047765,0.050480,0.123170,0.151496,0.418270,0.137507,0.075198,0.090274,0.062982,0.047729,0.099837,0.031168,0.039278,0.211833
72,0.388681,0.105916,0.084249,0.106609,0.029130,0.035044,0.162494,0.273559,0.355654,0.182735,0.132219,0.057103,0.069164,0.056864,0.113466,0.050087,0.176369,0.130985,0.191573,0.104765,0.125769,0.087746,0.066495,0.139091,0.043423,0.054721,0.295123,0.157258,0.053879,0.134467,0.079587,0.067691,0.030178,0.094362,0.321502,0.326947
73,0.206397,0.149340,0.064497,0.078120,0.064227,0.128158,0.056573,0.199206,0.147946,0.309239,0.264647,0.134529,0.081704,0.058829,0.075247,0.126774,0.170379,0.166072,0.177621,0.060856,0.151879,0.089893,0.076457,0.034085,0.106581,0.363133,0.369282,0.212807,0.074058,0.114476,0.098408,0.074845,0.090616,0.165560,0.236760,0.208396
74,0.313455,0.268255,0.136363,0.082818,0.059630,0.076273,0.128502,0.172701,0.168336,0.205735,0.212938,0.199393,0.132631,0.045200,0.064683,0.106446,0.221498,0.375102,0.215708,0.075067,0.116037,0.099750,0.075866,0.091851,0.167817,0.239987,0.211237,0.183585,0.126365,0.166445,0.040698,0.150723,0.051831,0.055265,0.168704,0.108832
75,0.182770,0.189169,0.177136,0.117827,0.040155,0.057463,0.094564,0.196773,0.333231,0.345768,0.143157,0.083890,0.043997,0.006676,0.057488,0.045686,0.134769,0.544575,0.163092,0.112259,0.147866,0.036155,0.133899,0.046045,0.049096,0.149873,0.096683,0.110610,0.141911,0.110766,0.069818,0.081622,0.118786,0.028524,0.200513,0.157467
76,0.363838,0.150639,0.088275,0.046296,0.007025,0.060492,0.048073,0.141812,0.573034,0.189148,0.035693,0.107013,0.064576,0.115852,0.144142,0.160249,0.113028,0.120816,0.116391,0.149327,0.116555,0.073466,0.085887,0.124993,0.030015,0.210992,0.165696,0.072251,0.103943,0.191172,0.115584,0.048100,0.185172,0.213722,0.173157,0.108068
77,0.200645,0.037862,0.113517,0.068501,0.122894,0.152904,0.169990,0.119899,0.128160,0.275039,0.150754,0.094886,0.046123,0.025125,0.129575,0.260058,0.189850,0.306921,0.076643,0.110261,0.202792,0.122610,0.051024,0.196428,0.226713,0.183683,0.114636,0.303428,0.264220,0.118412,0.069555,0.121448,0.158699,0.105970,0.225685,0.145794
78,0.287119,0.047152,0.013009,0.042489,0.050126,0.052976,0.129259,0.158985,0.438946,0.144304,0.078915,0.094736,0.066095,0.050088,0.104772,0.032709,0.041219,0.222304,0.245712,0.079506,0.072115,0.048654,0.074046,0.037026,0.091452,0.265957,0.580699,0.096338,0.087028,0.028046,0.057568,0.048964,0.057212,0.025987,0.095531,0.182939
79,0.201927,0.110427,0.132566,0.092488,0.070089,0.146609,0.045770,0.057679,0.311074,0.165758,0.056791,0.141735,0.083889,0.071350,0.031809,0.099463,0.338880,0.344618,0.134807,0.121779,0.039246,0.080556,0.068516,0.080058,0.036364,0.133678,0.255990,0.187698,0.080510,0.136040,0.092901,0.072621,0.099993,0.140671,0.221068,0.441863
80,0.166594,0.057078,0.142449,0.084312,0.071710,0.031969,0.099964,0.340589,0.346356,0.199595,0.069460,0.107369,0.092299,0.070199,0.084990,0.155281,0.222061,0.195458,0.188645,0.080916,0.136726,0.093369,0.072987,0.100497,0.141381,0.222183,0.444091,0.187822,0.204806,0.018445,0.066922,0.000000,0.082533,0.106408,0.150807,0.162843
81,0.262117,0.091218,0.141002,0.121211,0.092188,0.111613,0.203922,0.291620,0.256684,0.223083,0.153552,0.202256,0.049454,0.183151,0.062982,0.067155,0.205001,0.132247,0.246656,0.268960,0.024223,0.087885,0.000000,0.108386,0.139740,0.198046,0.213852,0.233476,0.105673,0.121270,0.137687,0.089511,0.192944,0.209523,0.084479,0.057980
82,0.221977,0.152791,0.201253,0.049209,0.182243,0.062670,0.066822,0.203985,0.131591,0.150546,0.193148,0.150758,0.095025,0.111091,0.161674,0.038822,0.272908,0.214321,0.232318,0.105150,0.120669,0.137004,0.089067,0.191987,0.208484,0.084060,0.057693,0.269058,0.126490,0.084472,0.043120,0.037323,0.098149,0.022033,0.255468,0.400779
83,0.119322,0.153088,0.119490,0.075316,0.088050,0.128141,0.030770,0.216305,0.169869,0.074071,0.106560,0.195987,0.118495,0.049311,0.189836,0.219104,0.177518,0.110789,0.213254,0.100255,0.066952,0.034176,0.029582,0.077792,0.017463,0.202483,0.317654,0.478315,0.106946,0.020677,0.056294,0.068549,0.097579,0.127991,0.143359,0.369823
84,0.068189,0.098099,0.180425,0.109087,0.045396,0.174763,0.201707,0.163423,0.101992,0.269961,0.235078,0.105352,0.061883,0.108052,0.141195,0.094282,0.200792,0.129714,0.440337,0.098454,0.019035,0.051824,0.063106,0.089831,0.117828,0.131976,0.340459,0.200969,0.193174,0.067584,0.043425,0.006954,0.109006,0.092905,0.211575,0.273451
85,0.246008,0.079602,0.072202,0.048713,0.074135,0.037071,0.091562,0.266277,0.581398,0.096454,0.087132,0.028080,0.057638,0.049023,0.057281,0.026018,0.095646,0.183160,0.270773,0.149033,0.153595,0.063843,0.081842,0.046472,0.049022,0.185359,0.381375,0.108393,0.077188,0.119570,0.217647,0.084098,0.058352,0.051567,0.070423,0.139936
86,0.130715,0.118083,0.038055,0.078111,0.066436,0.077628,0.035260,0.129621,0.248220,0.182001,0.078066,0.131910,0.090081,0.070416,0.096958,0.136401,0.214357,0.428450,0.146896,0.104605,0.162042,0.294957,0.113971,0.079079,0.069884,0.095439,0.189642,0.373810,0.142551,0.067687,0.003482,0.053667,0.088119,0.077400,0.294570,0.247130
87,0.171867,0.073720,0.124566,0.085065,0.066496,0.091559,0.128807,0.202423,0.404595,0.171118,0.186591,0.016804,0.060970,0.000000,0.075193,0.096945,0.137395,0.148360,0.352997,0.134614,0.063918,0.003288,0.050679,0.083213,0.073091,0.278169,0.233370,0.270604,0.235098,0.093417,0.053655,0.021975,0.101204,0.137784,0.297922,0.179162
88,0.213319,0.232608,0.020949,0.076007,0.000000,0.093737,0.120853,0.171279,0.184948,0.201920,0.091391,0.104880,0.119078,0.077413,0.166866,0.181204,0.073061,0.050144,0.337341,0.293078,0.116455,0.066887,0.027395,0.126163,0.171764,0.371396,0.223347,0.051201,0.148475,0.097401,0.220843,0.081147,0.073320,0.065130,0.301352,0.129430
89,0.223916,0.101347,0.116305,0.132050,0.085846,0.185044,0.200944,0.081020,0.055606,0.259327,0.121915,0.081417,0.041560,0.035973,0.094600,0.021236,0.246229,0.386284,0.056779,0.164650,0.108012,0.244901,0.089987,0.081307,0.072225,0.334181,0.143529,0.198096,0.125591,0.089871,0.058129,0.152590,0.102406,0.142031,0.166417,0.322000
90,0.184425,0.086702,0.057901,0.029556,0.025583,0.067276,0.015103,0.175110,0.274713,0.413655,0.092489,0.017882,0.048684,0.059282,0.084388,0.110688,0.123980,0.319830,0.140880,0.089316,0.063913,0.041340,0.108517,0.072828,0.101008,0.118350,0.228996,0.394426,0.191547,0.091672,0.057303,0.048113,0.183488,0.196059,0.293662,0.166867
91,0.322688,0.072149,0.013949,0.037978,0.046245,0.065830,0.086347,0.096715,0.249495,0.147274,0.141562,0.049527,0.031823,0.005096,0.079882,0.068082,0.155046,0.200390,0.307687,0.149424,0.071512,0.044702,0.037533,0.143137,0.152943,0.229082,0.130171,0.173363,0.024844,0.072933,0.023063,0.009689,0.015753,0.151189,0.235306,0.573719
92,0.335962,0.184913,0.190574,0.079214,0.101546,0.057660,0.060824,0.229984,0.473193,0.134490,0.095771,0.148357,0.270047,0.104345,0.072401,0.063982,0.087378,0.173626,0.271575,0.051091,0.058191,0.046983,0.070750,0.073516,0.062909,0.138361,0.367626,0.104471,0.074232,0.135677,0.024758,0.045683,0.021298,0.048084,0.166592,0.131667
93,0.155178,0.110503,0.171178,0.311587,0.120396,0.083538,0.073824,0.100819,0.200335,0.394886,0.150588,0.071503,0.003678,0.056693,0.093088,0.081764,0.311178,0.261063,0.120542,0.085650,0.156548,0.028567,0.052710,0.024574,0.055481,0.192219,0.151921,0.250238,0.081980,0.052628,0.139688,0.045272,0.051159,0.328855,0.183287,0.202739
94,0.344048,0.131201,0.062298,0.003204,0.049394,0.081104,0.071238,0.271117,0.227454,0.263744,0.229138,0.091049,0.052295,0.021418,0.098639,0.134291,0.290370,0.174620,0.218022,0.071426,0.045853,0.121704,0.039444,0.044573,0.286518,0.159690,0.176639,0.203842,0.204893,0.064364,0.081157,0.037836,0.078265,0.110662,0.192089,0.286747
95,0.278710,0.242140,0.096215,0.055262,0.022634,0.104236,0.141911,0.306846,0.184528,0.042302,0.122669,0.080472,0.182459,0.067043,0.060577,0.053810,0.248976,0.106934,0.215409,0.216519,0.068016,0.085762,0.039983,0.082706,0.116942,0.202989,0.303018,0.449207,0.099975,0.065604,0.046715,0.009682,0.044643,0.028666,0.056253,0.256567
96,0.050538,0.146550,0.096138,0.217979,0.080095,0.072369,0.064285,0.297445,0.127751,0.176320,0.111785,0.079992,0.051739,0.135816,0.091148,0.126418,0.148123,0.286603,0.536655,0.119437,0.078375,0.055810,0.011567,0.053334,0.034246,0.067204,0.306514,0.188559,0.191102,0.067746,0.145594,0.036606,0.070403,0.219303,0.124065,0.131799
97,0.147874,0.093751,0.067087,0.043392,0.113905,0.076443,0.106023,0.124226,0.240366,0.414009,0.201057,0.096223,0.060148,0.050502,0.192598,0.205793,0.308242,0.175152,0.158139,0.160271,0.056817,0.122105,0.030700,0.059045,0.183923,0.104050,0.110536,0.217360,0.129068,0.170403,0.063684,0.070962,0.176876,0.187142,0.335676,0.127089
98,0.295213,0.143366,0.068613,0.042889,0.036011,0.137334,0.146743,0.219795,0.124894,0.166335,0.023837,0.069977,0.022128,0.009296,0.015115,0.145060,0.225767,0.550460,0.154990,0.092033,0.121508,0.045410,0.050600,0.126124,0.133443,0.239357,0.090622,0.213267,0.063931,0.066351,0.107269,0.053573,0.143859,0.180153,0.133137,0.284377
99,0.270265,0.050845,0.057910,0.046756,0.070409,0.073161,0.062605,0.137694,0.365852,0.103967,0.073873,0.135023,0.024639,0.045462,0.021195,0.047852,0.165788,0.131032,0.206164,0.124975,0.060158,0.069529,0.163079,0.044459,0.077241,0.176826,0.575354,0.118546,0.047136,0.113600,0.055993,0.162770,0.188152,0.253444,0.075117,0.199322
100,0.126722,0.090042,0.164575,0.030031,0.055413,0.025834,0.058325,0.202074,0.159710,0.263067,0.086184,0.055326,0.146849,0.047593,0.053782,0.345715,0.192684,0.213134,0.144492,0.057453,0.138464,0.068248,0.198395,0.229332,0.308915,0.091558,0.242947,0.251461,0.203191,0.122385,0.265197,0.149464,0.171231,0.031443,0.087915,0.113486
101,0.217264,0.071178,0.045693,0.121281,0.039306,0.044418,0.285522,0.159135,0.176025,0.203134,0.204180,0.064140,0.080875,0.037705,0.077993,0.110278,0.191421,0.285750,0.207678,0.167813,0.101076,0.219023,0.123441,0.141418,0.025969,0.072608,0.093726,0.121604,0.105373,0.042854,0.166249,0.096591,0.127833,0.139701,0.465091,0.248404
102,0.188755,0.189727,0.059600,0.075150,0.035036,0.072472,0.102472,0.177872,0.265523,0.393623,0.087604,0.057486,0.040935,0.008484,0.039119,0.025119,0.049292,0.224821,0.112996,0.097914,0.039820,0.154481,0.089754,0.118784,0.129812,0.432169,0.230820,0.328184,0.091669,0.026987,0.165903,0.141897,0.084336,0.052852,0.117852,0.249184
103,0.469911,0.104583,0.068627,0.048869,0.010128,0.046701,0.029987,0.058846,0.268393,0.165108,0.167334,0.059321,0.127486,0.032053,0.061647,0.192028,0.108635,0.115407,0.391789,0.109435,0.032218,0.198056,0.169398,0.100682,0.063095,0.140692,0.297478,0.118818,0.111866,0.101286,0.174836,0.262918,0.082333,0.121015,0.136870,0.083846
104,0.166866,0.169116,0.059953,0.128844,0.032394,0.062304,0.194073,0.109792,0.116636,0.229355,0.136190,0.179807,0.067198,0.074878,0.186638,0.197470,0.354201,0.134103,0.120083,0.113057,0.102365,0.176698,0.265718,0.083210,0.122304,0.138327,0.084739,0.217413,0.226324,0.184615,0.126717,0.040707,0.165176,0.094946,0.185402,0.339950
105,0.179244,0.106435,0.140522,0.052516,0.058518,0.145860,0.154326,0.276814,0.104803,0.246640,0.073936,0.076734,0.124056,0.061957,0.166371,0.208344,0.153971,0.328878,0.169912,0.176875,0.144279,0.099031,0.031813,0.129088,0.074201,0.144895,0.265676,0.320354,0.180352,0.134821,0.016729,0.293951,0.125126,0.106064,0.126487,0.122816
