Index,LectureNote_03,Compare1,Compare2,Difference_1,Difference_2
0,0.424063742,0.451363623,0.376848549,0.027299881,0.047215194
1,0.041154169,0.120313272,0.207810372,0.079159103,0.166656196
2,0.175120130,0.050433580,0.142490551,0.124686554,0.032629579
3,0.293153942,0.246116176,0.175690681,0.047037765,0.117463261
4,0.577830493,0.604061306,0.179641038,0.026230812,0.398189455
5,0.238042429,0.466872424,0.250095159,0.228829995,0.012052730
6,0.238748923,0.220712200,0.382954657,0.018036723,0.144205734
7,0.165234342,0.123338103,0.554555058,0.041896239,0.389320731
8,0.476460248,0.268128067,0.463276505,0.208332181,0.013183743
9,0.052049048,0.404937953,0.194555655,0.352888912,0.142506599
10,0.077518038,0.124903351,0.093566410,0.047385313,0.016048372
11,0.200833619,0.097407147,0.163464174,0.103426471,0.037369445
12,0.584320545,0.296745837,0.410990775,0.287574708,0.173329771
13,0.727643371,0.608552039,0.538224578,0.119091332,0.189418793
14,0.199133918,0.540986717,0.460660785,0.341852784,0.261526883
15,0.113744371,0.198563412,0.290509135,0.084819041,0.176764756
16,0.113782018,0.117365643,0.300352931,0.003583625,0.186570913
17,0.120473668,0.081693657,0.285057753,0.038780011,0.164584085
18,0.038471010,0.308253914,0.144101515,0.269782901,0.105630502
19,0.125947833,0.126800343,0.180318490,0.000852510,0.054370657
20,0.154781029,0.136938259,0.163380191,0.017842770,0.008599162
21,0.485018730,0.250695914,0.372154772,0.234322816,0.112863958
22,0.824324489,0.726950288,0.629096270,0.097374201,0.195228219
23,0.157630190,0.470123410,0.484508127,0.312493205,0.326877952
24,0.098811164,0.173978642,0.314003587,0.075167477,0.215192422
25,0.092776433,0.132977873,0.176957116,0.040201440,0.084180683
26,0.026971431,0.099379539,0.145277053,0.072408110,0.118305624
27,0.056524299,0.410066158,0.222109124,0.353541851,0.165584832
28,0.075305931,0.246025324,0.271116734,0.170719385,0.195810795
29,0.107963115,0.119474187,0.231291190,0.011511073,0.123328075
30,0.261148512,0.288840950,0.363200009,0.027692437,0.102051497
31,0.922109365,0.683723569,0.636067033,0.238385797,0.286042333
32,0.134424567,0.206132680,0.255161375,0.071708113,0.120736808
33,0.188615680,0.221967250,0.393386066,0.033351570,0.204770386
34,0.067855611,0.262271136,0.180536076,0.194415525,0.112680465
35,0.052378595,0.213517934,0.186330333,0.161139339,0.133951738
36,0.068421684,0.258501440,0.189943954,0.190079749,0.121522270
37,0.057216860,0.218780175,0.204374328,0.161563307,0.147157460
38,0.116874084,0.149097860,0.266726941,0.032223776,0.149852857
39,0.191543445,0.270852506,0.390585542,0.079309061,0.199042097
40,0.941140056,0.764880896,0.675742209,0.176259160,0.265397847
41,0.131624520,0.159228101,0.254476070,0.027603582,0.122851551
42,0.168598875,0.211200327,0.352527887,0.042601451,0.183929011
43,0.075736128,0.279563606,0.152818143,0.203827471,0.077082016
44,0.066821739,0.237830177,0.171573147,0.171008438,0.104751408
45,0.066027820,0.224700704,0.273981184,0.158672884,0.207953364
46,0.095148243,0.142669499,0.257866859,0.047521256,0.162718624
47,0.148623422,0.095335498,0.343196779,0.053287923,0.194573358
48,0.183781892,0.201374933,0.325431049,0.017593041,0.141649157
49,0.951413810,0.747057199,0.627594471,0.204356611,0.323819339
50,0.100716375,0.111684904,0.339372516,0.010968529,0.238656133
51,0.082917750,0.180966958,0.205546677,0.098049209,0.122628927
52,0.081214726,0.192275330,0.217063308,0.111060604,0.135848582
53,0.043807816,0.489108950,0.190617800,0.445301145,0.146809980
54,0.405654371,0.348148257,0.328730911,0.057506114,0.076923460
55,0.082752302,0.097559795,0.211164743,0.014807492,0.128412440
56,0.145535186,0.047320813,0.155313641,0.098214373,0.009778455
57,0.174642295,0.123455778,0.274152398,0.051186517,0.099510103
58,0.843259156,0.459039241,0.421796143,0.384219915,0.421463013
59,0.061889347,0.065235943,0.399048209,0.003346596,0.337158859
60,0.110944495,0.146087676,0.336103916,0.035143182,0.225159422
61,0.080389239,0.109142631,0.308938682,0.028753392,0.228549451
62,0.207915276,0.776896298,0.450003505,0.568981051,0.242088228
63,0.621393681,0.294230103,0.286492020,0.327163577,0.334901661
64,0.031811833,0.115084060,0.329160452,0.083272226,0.297348619
65,0.053177208,0.093641870,0.279773474,0.040464662,0.226596266
66,0.165056154,0.161077291,0.320102513,0.003978863,0.155046359
67,0.192476258,0.788089216,0.348465472,0.595612943,0.155989215
68,0.284003794,0.263457119,0.228189558,0.020546675,0.055814236
69,0.322133809,0.138364434,0.378142327,0.183769375,0.056008518
70,0.178557202,0.119500615,0.405791461,0.059056588,0.227234259
71,0.573958755,0.376231492,0.384291530,0.197727263,0.189667225
72,0.078629263,0.332463324,0.156343222,0.253834069,0.077713959
73,0.112738892,0.214526325,0.245224983,0.101787433,0.132486090
74,0.104444869,0.111819230,0.243811011,0.007374361,0.139366150
75,0.295467407,0.248708323,0.429000378,0.046759084,0.133532971
76,0.116399094,0.459669203,0.502793550,0.343270123,0.386394441
77,0.783800364,0.485719889,0.483219624,0.298080474,0.300580740
78,0.417306751,0.267129123,0.296509445,0.150177628,0.120797306
79,0.213440970,0.233951524,0.249685928,0.020510554,0.036244959
80,0.187893271,0.442466229,0.188076854,0.254572958,0.000183582
81,0.046265364,0.513009191,0.134292990,0.466743827,0.088027626
82,0.173048183,0.372830003,0.204464301,0.199781820,0.031416118
83,0.125974000,0.304140389,0.181172192,0.178166389,0.055198193
84,0.192267522,0.189497188,0.375803679,0.002770334,0.183536157
85,0.226421177,0.303896159,0.532755613,0.077474982,0.306334436
86,0.843476653,0.368963569,0.539355993,0.474513084,0.304120660
87,0.344286084,0.177326813,0.260569245,0.166959271,0.083716840
88,0.149218172,0.167685375,0.334268421,0.018467203,0.185050249
89,0.107513778,0.425862134,0.108364776,0.318348348,0.000850998
90,0.114726536,0.582862496,0.168045431,0.468135953,0.053318895
91,0.161247447,0.394930214,0.165950224,0.233682767,0.004702777
92,0.194682673,0.295138717,0.157919183,0.100456044,0.036763489
93,0.246816874,0.162941381,0.297689736,0.083875492,0.050872862
94,0.218784690,0.226583898,0.650295615,0.007799208,0.431510925
95,0.695033550,0.111060508,0.422353297,0.583973050,0.272680253
96,0.496739924,0.177190393,0.291135967,0.319549531,0.205603957
97,0.221414924,0.306114227,0.367354661,0.084699303,0.145939738
98,0.187892810,0.449296892,0.098424099,0.261404097,0.089468710
99,0.229469508,0.556126177,0.200228631,0.326656669,0.029240876
100,0.242870137,0.282906443,0.192856699,0.040036306,0.050013438
101,0.284456491,0.107056543,0.161236301,0.177399948,0.123220190
102,0.274660915,0.128135830,0.328209639,0.146525085,0.053548723
103,0.131854668,0.261000246,0.677220881,0.129145578,0.545366228
104,0.578006625,0.121906452,0.414182037,0.456100166,0.163824588
105,0.445398629,0.195096552,0.298783183,0.250302076,0.146615446
106,0.242988661,0.369148344,0.238463223,0.126159683,0.004525438
107,0.350860596,0.570519269,0.112628385,0.219658673,0.238232210
108,0.249259517,0.475202590,0.315418184,0.225943074,0.066158667
109,0.325088292,0.155361250,0.316461742,0.169727042,0.008626550
110,0.389553487,0.127619877,0.300558567,0.261933625,0.088994920
111,0.361076742,0.135587111,0.346951634,0.225489631,0.014125109
112,0.300416648,0.235488489,0.415901452,0.064928159,0.115484804
113,0.396968901,0.101610050,0.320183218,0.295358837,0.076785684
114,0.290009856,0.262214601,0.398899168,0.027795255,0.108889312
115,0.274702251,0.206381485,0.271032512,0.068320766,0.003669739
116,0.377700150,0.733652115,0.285625517,0.355951965,0.092074633
117,0.730098128,0.520046651,0.314620703,0.210051477,0.415477425
118,0.152465641,0.176139399,0.323558033,0.023673758,0.171092391
119,0.266194403,0.079401575,0.190571323,0.186792821,0.075623080
120,0.260774255,0.117153041,0.223479703,0.143621206,0.037294552
121,0.301482201,0.144788057,0.282019734,0.156694144,0.019462466
122,0.159471482,0.169588521,0.162252858,0.010117039,0.002781376
123,0.118793838,0.382553786,0.462621838,0.263759941,0.343827993
124,0.152922228,0.138064399,0.376293063,0.014857829,0.223370835
125,0.388623685,0.680708408,0.498584777,0.292084724,0.109961092
126,0.780792773,0.408155441,0.190391496,0.372637331,0.590401292
127,0.038611390,0.198438138,0.296185285,0.159826756,0.257573903
128,0.059010107,0.164951622,0.223543376,0.105941519,0.164533272
129,0.060085267,0.205144644,0.402486682,0.145059377,0.342401415
130,0.139984310,0.591398656,0.496231854,0.451414347,0.356247544
131,0.202589944,0.187568560,0.369423538,0.015021384,0.166833594
132,0.224005029,0.185347155,0.374444366,0.038657874,0.150439337
133,0.163959101,0.291224986,0.294624299,0.127265885,0.130665198
134,0.494044781,0.469721258,0.233080089,0.024323523,0.260964692
135,0.042179674,0.335505486,0.231137276,0.293325812,0.188957602
136,0.156625792,0.238990948,0.435837746,0.082365155,0.279211938
137,0.420080960,0.180531695,0.287771702,0.239549264,0.132309258
138,0.155052632,0.251360446,0.412409812,0.096307814,0.257357180
139,0.241961449,0.275307447,0.377327979,0.033345997,0.135366529
140,0.739413440,0.244967446,0.386901587,0.494445980,0.352511853
141,0.355664223,0.331784606,0.298935652,0.023879617,0.056728572
142,0.193425074,0.305598736,0.238930181,0.112173662,0.045505106
143,0.063182600,0.628705621,0.255357087,0.565523028,0.192174494
144,0.318907350,0.370103955,0.213484496,0.051196605,0.105422854
145,0.329153746,0.359956950,0.346179783,0.030803204,0.017026037
146,0.334152758,0.490022868,0.228976339,0.155870110,0.105176419
147,0.169692516,0.173489437,0.288704634,0.003796920,0.119012117
148,0.267706364,0.108965792,0.303866714,0.158740580,0.036160350
149,0.680166781,0.161850497,0.387577087,0.518316269,0.292589694
150,0.303296655,0.250613481,0.401735306,0.052683175,0.098438650
151,0.112462185,0.229643270,0.466371298,0.117181085,0.353909105
152,0.102820568,0.556435883,0.278134674,0.453615308,0.175314099
153,0.464337468,0.399109215,0.173267305,0.065228254,0.291070163
154,0.287231654,0.306676120,0.130852669,0.019444466,0.156378984
155,0.249270380,0.580904722,0.221407637,0.331634343,0.027862743
156,0.264960378,0.247092605,0.270363688,0.017867774,0.005403310
157,0.234639704,0.101860948,0.567661822,0.132778764,0.333022118
158,0.494451940,0.096184902,0.443121225,0.398267031,0.051330715
159,0.393099844,0.209620923,0.349758387,0.183478922,0.043341458
160,0.243424565,0.242841825,0.419766337,0.000582740,0.176341772
161,0.237123057,0.474990904,0.116649546,0.237867847,0.120473512
162,0.258950055,0.571457386,0.170813859,0.312507331,0.088136196
163,0.172711313,0.229932070,0.127165660,0.057220757,0.045545653
164,0.272876799,0.114538185,0.238515511,0.158338606,0.034361288
165,0.248069644,0.156087965,0.295917004,0.091981679,0.047847360
166,0.472840071,0.108266920,0.634985924,0.364573151,0.162145853
167,0.515539765,0.094860248,0.519363046,0.420679510,0.003823280
168,0.362789929,0.268453717,0.288888723,0.094336212,0.073901206
169,0.228377923,0.270537883,0.203565106,0.042159960,0.024812818
170,0.306567222,0.645838141,0.111150615,0.339270920,0.195416600
171,0.103281267,0.541069031,0.128116146,0.437787771,0.024834879
172,0.126387864,0.282182723,0.175034121,0.155794859,0.048646256
173,0.113976881,0.158610120,0.370360792,0.044633240,0.256383896
174,0.127454385,0.160168007,0.350576401,0.032713622,0.223122016
175,0.691530704,0.107317440,0.431804061,0.584213257,0.259726644
176,0.633583069,0.116971225,0.431935817,0.516611814,0.201647252
177,0.163692832,0.357600421,0.474646091,0.193907589,0.310953259
178,0.087135807,0.197555035,0.156477645,0.110419229,0.069341838
179,0.173474640,0.620242715,0.264728010,0.446768075,0.091253370
180,0.250373065,0.480418384,0.320684254,0.230045319,0.070311189
181,0.054433517,0.289905936,0.260920137,0.235472411,0.206486613
182,0.079854615,0.316615313,0.288398087,0.236760706,0.208543479
183,0.089461453,0.241664633,0.302885503,0.152203172,0.213424057
184,0.573107958,0.242648810,0.339444578,0.330459148,0.233663380
185,0.730861187,0.262309402,0.232032090,0.468551785,0.498829097
186,0.043253444,0.383096695,0.421946436,0.339843243,0.378692985
187,0.092891417,0.234265670,0.361951500,0.141374260,0.269060075
188,0.216471016,0.444046795,0.419595033,0.227575779,0.203124017
189,0.626332879,0.582348645,0.251451880,0.043984234,0.374880999
190,0.236278817,0.243481845,0.168547809,0.007203028,0.067731008
191,0.174183130,0.189937353,0.254434794,0.015754223,0.080251664
192,0.112793386,0.181042835,0.407732427,0.068249449,0.294939041
193,0.137444913,0.190629810,0.529818058,0.053184897,0.392373145
194,0.135605648,0.196739942,0.419945061,0.061134294,0.284339428
195,0.140542045,0.246556357,0.374388248,0.106014311,0.233846202
196,0.100447796,0.407649487,0.167853057,0.307201684,0.067405261
197,0.664601803,0.480332613,0.227988034,0.184269190,0.436613768
198,0.168257535,0.362970024,0.319923729,0.194712490,0.151666194
199,0.562295735,0.210862115,0.333707422,0.351433635,0.228588313
200,0.670822144,0.308861822,0.236868158,0.361960322,0.433954000
201,0.300500661,0.279017299,0.255438328,0.021483362,0.045062333
202,0.258029372,0.232042834,0.253978372,0.025986537,0.004051000
203,0.066549219,0.254046589,0.372923374,0.187497377,0.306374162
204,0.118352219,0.329233527,0.366634190,0.210881308,0.248281971
205,0.095353782,0.328224957,0.321408898,0.232871175,0.226055115
206,0.145266369,0.562168896,0.472897291,0.416902542,0.327630937
207,0.549434662,0.710878491,0.183469862,0.161443830,0.365964800
208,0.530005872,0.228449509,0.269531965,0.301556349,0.260473907
209,0.511088967,0.358992636,0.201914355,0.152096331,0.309174597
210,0.287527919,0.229537308,0.246820360,0.057990611,0.040707558
211,0.205375642,0.098488845,0.391067505,0.106886797,0.185691863
212,0.097246289,0.101374686,0.489966035,0.004128397,0.392719746
213,0.095799789,0.132892340,0.371676892,0.037092552,0.275877118
214,0.033118367,0.189203814,0.384593815,0.156085446,0.351475447
215,0.106868021,0.432971328,0.336073071,0.326103300,0.229205042
216,0.723367751,0.798240364,0.118922494,0.074872613,0.604445279
217,0.410287559,0.205554366,0.141070217,0.204733193,0.269217342
218,0.316056937,0.382911980,0.217610389,0.066855043,0.098446548
219,0.216359079,0.231103331,0.303069174,0.014744252,0.086710095
220,0.145897374,0.109095052,0.687303305,0.036802322,0.541405916
221,0.127096221,0.108949199,0.463022262,0.018147022,0.335926056
222,0.206728980,0.107129678,0.285814553,0.099599302,0.079085574
223,0.165226892,0.135569304,0.226602942,0.029657587,0.061376050
224,0.232859910,0.258654058,0.083289646,0.025794148,0.149570256
225,0.516941130,0.660071850,0.071408182,0.143130720,0.445532948
226,0.234004602,0.318794161,0.128839120,0.084789559,0.105165482
227,0.264438242,0.197628245,0.212198585,0.066809997,0.052239656
228,0.152104676,0.196524397,0.337712556,0.044419721,0.185607880
229,0.484907091,0.141711995,0.807283878,0.343195081,0.322376788
230,0.276685089,0.117211565,0.301280618,0.159473523,0.024595529
231,0.282118320,0.245813921,0.242760673,0.036304399,0.039357647
232,0.259204388,0.346082956,0.112137072,0.086878568,0.147067308
233,0.355644822,0.413494796,0.072378635,0.057849973,0.283266187
234,0.095097534,0.757656157,0.045819201,0.662558615,0.049278334
235,0.066369124,0.239116326,0.111690767,0.172747195,0.045321643
236,0.047909137,0.093926780,0.261558980,0.046017643,0.213649839
237,0.043885641,0.129139528,0.285755187,0.085253887,0.241869539
238,0.748332024,0.092862010,0.794651508,0.655470014,0.046319485
239,0.613331497,0.102189109,0.295731902,0.511142373,0.317599595
240,0.121131122,0.159503534,0.296351790,0.038372412,0.175220668
241,0.095543966,0.246777356,0.064971171,0.151233390,0.030572794
242,0.149507925,0.487724215,0.156149581,0.338216305,0.006641656
243,0.268689990,0.777272284,0.332089275,0.508582294,0.063399285
244,0.017980916,0.188832641,0.277537674,0.170851722,0.259556770
245,0.016003279,0.270039827,0.269346148,0.254036546,0.253342867
246,0.023667835,0.157940686,0.217565715,0.134272844,0.193897873
247,0.512321353,0.194715723,0.589643538,0.317605615,0.077322185
248,0.733806610,0.220975310,0.251712322,0.512831330,0.482094288
249,0.047071572,0.054791354,0.237131283,0.007719781,0.190059707
250,0.109227292,0.231293216,0.232216954,0.122065924,0.122989662
251,0.334027678,0.345080286,0.414261878,0.011052608,0.080234200
252,0.485767573,0.502783418,0.301829636,0.017015845,0.183937937
253,0.261379033,0.154131055,0.137781993,0.107247978,0.123597041
254,0.169724450,0.115584463,0.268556267,0.054139987,0.098831818
255,0.121715769,0.377831697,0.375210524,0.256115913,0.253494740
256,0.089502260,0.589259267,0.525719106,0.499756992,0.436216831
257,0.148721501,0.201051027,0.403868645,0.052329525,0.255147159
258,0.167053521,0.180489361,0.337061107,0.013435841,0.170007586
259,0.150320992,0.160388321,0.137415856,0.010067329,0.012905136
260,0.755948246,0.348406523,0.324076891,0.407541722,0.431871355
261,0.600176334,0.197027877,0.284043878,0.403148472,0.316132456
262,0.434219629,0.068871312,0.181209028,0.365348309,0.253010601
263,0.216000259,0.141254321,0.275077790,0.074745938,0.059077531
264,0.132162035,0.420340925,0.253422379,0.288178891,0.121260345
265,0.073040098,0.744859993,0.341474980,0.671819925,0.268434882
266,0.047489177,0.257161438,0.426573813,0.209672257,0.379084647
267,0.144467965,0.104428783,0.514013708,0.040039182,0.369545758
268,0.174575329,0.172483265,0.277083278,0.002092063,0.102507949
269,0.572871089,0.313358009,0.327163786,0.259513080,0.245707303
270,0.708427310,0.883482695,0.210372970,0.175055385,0.498054326
271,0.401137412,0.095573165,0.177504390,0.305564255,0.223633021
272,0.223340318,0.020075746,0.228282705,0.203264564,0.004942387
273,0.191843107,0.067258798,0.287909806,0.124584310,0.096066698
274,0.096256629,0.149387240,0.440556943,0.053130612,0.344300330
275,0.066224709,0.075784951,0.491058618,0.009560242,0.424833894
276,0.051954705,0.083440445,0.466493249,0.031485740,0.414538532
277,0.109683961,0.143432245,0.291043431,0.033748284,0.181359470
278,0.471332103,0.387043029,0.227330357,0.084289074,0.244001746
279,0.665068269,0.940692365,0.115160666,0.275624096,0.549907625
280,0.525089800,0.112320736,0.105199352,0.412769079,0.419890463
281,0.321418285,0.043512881,0.138947099,0.277905405,0.182471186
282,0.194999903,0.021040827,0.280526459,0.173959076,0.085526556
283,0.059598979,0.027281806,0.784463584,0.032317173,0.724864602
284,0.122551471,0.053215858,0.457050264,0.069335610,0.334498793
285,0.164559782,0.046475552,0.190929472,0.118084230,0.026369691
286,0.186688185,0.164229333,0.119865872,0.022458851,0.066822313
287,0.245207697,0.259688944,0.050692920,0.014481246,0.194514781
288,0.615454555,0.559999585,0.042299796,0.055454969,0.573154747
289,0.407389134,0.309568495,0.066257626,0.097820640,0.341131508
290,0.249115929,0.148676440,0.082294993,0.100439489,0.166820943
291,0.133091435,0.063372694,0.291487724,0.069718741,0.158396289
292,0.028425798,0.075247139,0.914930701,0.046821341,0.886504889
293,0.095975459,0.214286268,0.231940016,0.118310809,0.135964558
294,0.195974782,0.148007482,0.090429798,0.047967300,0.105544984
295,0.328155369,0.490330249,0.051147260,0.162174881,0.277008116
296,0.468365580,0.500535965,0.019878784,0.032170385,0.448486805
297,0.294777751,0.754758000,0.040598787,0.459980249,0.254178971
298,0.275729805,0.295054913,0.049385492,0.019325107,0.226344317
299,0.232108623,0.153190210,0.077545166,0.078918412,0.154563457
300,0.254545301,0.149870709,0.216608748,0.104674593,0.037936553
301,0.100866430,0.081401780,0.954314113,0.019464649,0.853447676
302,0.190038472,0.137419075,0.135151088,0.052619398,0.054887384
303,0.197081923,0.075139888,0.102533810,0.121942036,0.094548114
304,0.399989247,0.238044366,0.045470260,0.161944881,0.354518980
305,0.687960863,0.457747936,0.037658367,0.230212927,0.650302470
306,0.867019594,0.876343191,0.120699242,0.009323597,0.746320367
307,0.022102438,0.244540676,0.147556767,0.222438246,0.125454336
308,0.022343608,0.137390018,0.116939507,0.115046412,0.094595902
309,0.034485348,0.099521577,0.081770003,0.065036230,0.047284655
310,0.104329504,0.127421528,0.851081729,0.023092024,0.746752203
311,0.194706723,0.157042488,0.191342160,0.037664235,0.003364563
312,0.036430277,0.043647282,0.132652253,0.007217005,0.096221976
313,0.077767804,0.112785138,0.110097118,0.035017334,0.032329313
314,0.435809225,0.296509057,0.390675753,0.139300168,0.045133471
315,0.290929675,0.506215990,0.649902463,0.215286314,0.358972788
316,0.132503361,0.121915638,0.119624391,0.010587722,0.012878969
317,0.113911025,0.100023180,0.173545659,0.013887845,0.059634633
318,0.115949884,0.363245249,0.192052394,0.247295365,0.076102510
319,0.112103462,0.625427425,0.278367668,0.513323963,0.166264206
320,0.187095433,0.175314009,0.225462988,0.011781424,0.038367555
321,0.376280248,0.117459677,0.200925648,0.258820564,0.175354600
322,0.256188065,0.192836568,0.157486886,0.063351497,0.098701179
323,0.785233557,0.337717354,0.550290048,0.447516203,0.234943509
324,0.619071722,0.223303571,0.455744892,0.395768166,0.163326830
325,0.179032981,0.061755005,0.122370251,0.117277980,0.056662731
326,0.143285155,0.080575578,0.247698218,0.062709577,0.104413062
327,0.127391830,0.365518719,0.227132887,0.238126889,0.099741057
328,0.098496921,0.801417291,0.333670944,0.702920377,0.235174030
329,0.141558588,0.305996358,0.272802234,0.164437771,0.131243646
330,0.190014675,0.073645361,0.419457823,0.116369314,0.229443148
331,0.334905058,0.210204765,0.244154081,0.124700293,0.090750977
332,0.608219266,0.143917635,0.493016034,0.464301646,0.115203232
333,0.607703090,0.679775059,0.327818930,0.072071970,0.279884160
334,0.155866146,0.068846405,0.130107522,0.087019742,0.025758624
335,0.199985966,0.094124667,0.198409587,0.105861299,0.001576379
336,0.148959458,0.200648680,0.216637939,0.051689222,0.067678481
337,0.241297558,0.408956200,0.295049161,0.167658642,0.053751603
338,0.309261113,0.234686092,0.208078951,0.074575022,0.101182163
339,0.142000601,0.183560431,0.513030887,0.041559830,0.371030271
340,0.236511037,0.312284827,0.427919626,0.075773790,0.191408589
341,0.560580671,0.361258596,0.461130828,0.199322075,0.099449843
342,0.334734708,0.772715867,0.304869801,0.437981158,0.029864907
343,0.268659621,0.058777068,0.110563308,0.209882557,0.158096313
344,0.233395278,0.080432825,0.135518953,0.152962446,0.097876325
345,0.159158319,0.228065372,0.249767467,0.068907052,0.090609148
346,0.262878805,0.285388410,0.612642169,0.022509605,0.349763364
347,0.606899738,0.099722020,0.282996565,0.507177711,0.323903173
348,0.422961682,0.258127928,0.226575628,0.164833754,0.196386054
349,0.239243612,0.268766165,0.300876677,0.029522553,0.061633065
350,0.249806613,0.332739919,0.465618044,0.082933307,0.215811431
351,0.392950416,0.182478368,0.123149931,0.210472047,0.269800484
352,0.251649886,0.127533421,0.043521959,0.124116465,0.208127931
353,0.285628200,0.048341896,0.059372690,0.237286299,0.226255506
354,0.134292707,0.076488584,0.282992452,0.057804123,0.148699746
355,0.072049342,0.199600160,0.879466712,0.127550811,0.807417393
356,0.415966362,0.199651465,0.231037989,0.216314897,0.184928373
357,0.472195894,0.279098392,0.047122072,0.193097502,0.425073832
358,0.393203378,0.430944860,0.089539573,0.037741482,0.303663790
359,0.356156498,0.773911536,0.249503300,0.417755038,0.106653199
360,0.202654347,0.353091717,0.122540221,0.150437370,0.080114126
361,0.175229356,0.247249454,0.054750118,0.072020099,0.120479241
362,0.452401996,0.142638713,0.064086750,0.309763283,0.388315260
363,0.335022420,0.159715071,0.219449714,0.175307348,0.115572706
364,0.208705321,0.081397228,0.908033311,0.127308100,0.699328005
365,0.416541696,0.168263286,0.133292228,0.248278409,0.283249468
366,0.403927714,0.156398848,0.078045160,0.247528866,0.325882554
367,0.250190377,0.240090430,0.170574442,0.010099947,0.079615936
368,0.410488248,0.807029843,0.228567645,0.396541595,0.181920603
369,0.961857080,0.828761220,0.440649718,0.133095860,0.521207333
370,0.029063942,0.307626128,0.082192212,0.278562188,0.053128272
371,0.044158921,0.183038056,0.071706213,0.138879135,0.027547292
372,0.058783796,0.192767262,0.083140880,0.133983463,0.024357084
373,0.044844266,0.109777205,0.575076997,0.064932942,0.530232728
374,0.140472770,0.137997255,0.148427621,0.002475515,0.007954851
375,0.093609981,0.056308556,0.091130659,0.037301425,0.002479322
376,0.019821873,0.081263393,0.157940999,0.061441518,0.138119131
377,0.194116816,0.327093661,0.633264244,0.132976845,0.439147413
378,0.527612865,0.608075559,0.633797407,0.080462694,0.106184542
379,0.092078082,0.222395137,0.108597606,0.130317062,0.016519524
380,0.202944532,0.241838753,0.068761677,0.038894221,0.134182855
381,0.225181594,0.285125077,0.045997005,0.059943482,0.179184586
382,0.185279310,0.437350303,0.021980556,0.252070993,0.163298756
383,0.183166042,0.143170506,0.017665355,0.039995536,0.165500686
384,0.391842037,0.086763792,0.042973403,0.305078238,0.348868638
385,0.246038362,0.288423032,0.081119068,0.042384669,0.164919287
386,0.582494378,0.372173846,0.755275607,0.210320532,0.172781229
387,0.380393893,0.286941856,0.649150670,0.093452036,0.268756777
388,0.109589599,0.079732679,0.206554160,0.029856920,0.096964560
389,0.143085316,0.158389866,0.082158059,0.015304551,0.060927257
390,0.158627465,0.286829054,0.045257937,0.128201589,0.113369524
391,0.122637227,0.691322029,0.043080904,0.568684816,0.079556324
392,0.175557569,0.383295208,0.031897478,0.207737640,0.143660098
393,0.257549286,0.104212880,0.076342382,0.153336406,0.181206912
394,0.418706983,0.271851093,0.222393036,0.146855891,0.196313947
395,0.714245796,0.307154834,0.684821308,0.407090962,0.029424489
396,0.304926485,0.386417538,0.371357739,0.081491053,0.066431254
397,0.036056314,0.091624655,0.199378222,0.055568341,0.163321912
398,0.165816337,0.122727998,0.062350467,0.043088339,0.103465870
399,0.140644923,0.285346776,0.057666909,0.144701853,0.082978010
400,0.252707571,0.483727574,0.067515008,0.231020004,0.185192555
401,0.347716838,0.363853365,0.162565544,0.016136527,0.185151294
402,0.204522729,0.194446236,0.211225599,0.010076493,0.006702870
403,0.404643714,0.371703029,0.652726054,0.032940686,0.248082340
404,0.684185386,0.451051384,0.559888661,0.233134001,0.124296725
405,0.148710564,0.569374144,0.346697092,0.420663595,0.197986528
406,0.055570841,0.107699379,0.143711433,0.052128538,0.088140592
407,0.125304803,0.148731992,0.102381706,0.023427188,0.022923097
408,0.115516581,0.447219580,0.061961532,0.331703007,0.053555049
409,0.239642009,0.463640362,0.040869981,0.223998353,0.198772028
410,0.641163826,0.150837466,0.122016244,0.490326345,0.519147575
411,0.387547702,0.331717730,0.150401428,0.055829972,0.237146273
412,0.516282797,0.192989752,0.477579117,0.323293030,0.038703680
413,0.245949447,0.238938093,0.759977758,0.007011354,0.514028311
414,0.157162786,0.337558985,0.414929628,0.180396199,0.257766843
415,0.086195447,0.188154578,0.135648325,0.101959132,0.049452879
416,0.115908973,0.107506029,0.131290928,0.008402944,0.015381955
417,0.066710286,0.180641055,0.063900642,0.113930769,0.002809644
418,0.096687891,0.268653542,0.054893076,0.171965659,0.041794814
419,0.426786959,0.096610688,0.071232833,0.330176264,0.355554134
420,0.435461015,0.255113572,0.097092688,0.180347443,0.338368326
421,0.706301391,0.353887171,0.268117607,0.352414221,0.438183784
422,0.264578134,0.731187820,0.835889399,0.466609687,0.571311235
423,0.129515588,0.335924983,0.384935647,0.206409395,0.255420059
424,0.120698266,0.146588221,0.142208636,0.025889955,0.021510370
425,0.250436932,0.144881591,0.081606984,0.105555341,0.168829948
426,0.253442347,0.079049543,0.072262518,0.174392805,0.181179821
427,0.180352896,0.159118250,0.062055033,0.021234646,0.118297860
428,0.253281832,0.109228976,0.119042158,0.144052863,0.134239674
429,0.346664876,0.161034554,0.177380741,0.185630322,0.169284135
430,0.687846899,0.328997672,0.408293813,0.358849227,0.279553086
431,0.389508933,0.816704094,0.776871979,0.427195162,0.387363046
432,0.887994409,0.715774000,0.643291235,0.172220409,0.244703174
433,0.053626478,0.104641862,0.123285912,0.051015384,0.069659434
434,0.053189036,0.127796486,0.023448573,0.074607447,0.029740462
435,0.138041407,0.101076350,0.031424642,0.036965057,0.106616765
436,0.100549780,0.183311030,0.027921030,0.082761250,0.072628751
437,0.152940556,0.142663196,0.043392144,0.010277361,0.109548412
438,0.127330095,0.081813999,0.087145582,0.045516096,0.040184513
439,0.077187508,0.280467868,0.289478064,0.203280360,0.212290555
440,0.361985683,0.557546318,0.689481914,0.195560634,0.327496231
441,0.967902124,0.447605491,0.422890246,0.520296633,0.545011878
442,0.021568825,0.315467238,0.131732821,0.293898404,0.110163994
443,0.131776571,0.327590972,0.037727635,0.195814401,0.094048932
444,0.153676033,0.319711953,0.039395068,0.166035920,0.114280969
445,0.111564353,0.404510438,0.024771737,0.292946100,0.086792618
446,0.027564380,0.301137626,0.018694066,0.273573250,0.008870315
447,0.011895997,0.183408156,0.067818910,0.171512157,0.055922914
448,0.028081266,0.335798889,0.176235989,0.307717621,0.148154721
449,0.087076649,0.299810231,0.874192953,0.212733582,0.787116289
450,0.138040394,0.240597948,0.630701542,0.102557555,0.492661148
451,0.017940560,0.101896480,0.242831215,0.083955921,0.224890649
452,0.034639973,0.173422426,0.068441249,0.138782457,0.033801276
453,0.070777833,0.203633010,0.056226276,0.132855177,0.014551558
454,0.072440661,0.381769478,0.024725860,0.309328824,0.047714800
455,0.067817591,0.223359093,0.034861978,0.155541509,0.032955613
456,0.166173711,0.156626344,0.045610465,0.009547368,0.120563246
457,0.710294604,0.211099133,0.303813696,0.499195457,0.406480908
458,0.657597482,0.771658003,0.662716448,0.114060521,0.005118966
459,0.157984242,0.318443358,0.473098099,0.160459116,0.315113842
460,0.007635143,0.051210549,0.255900145,0.043575406,0.248264998
461,0.024397539,0.043647110,0.105940074,0.019249571,0.081542537
462,0.046734065,0.094807044,0.076220892,0.048072979,0.029486828
463,0.074858367,0.180688828,0.027056118,0.105830461,0.047802247
464,0.099738643,0.166690558,0.162141219,0.066951916,0.062402576
465,0.107871681,0.154146641,0.204457715,0.046274960,0.096586034
466,0.742077053,0.189856112,0.616307437,0.552220941,0.125769615
467,0.627962589,0.874549747,0.494975418,0.246587157,0.132987171
468,0.181718275,0.672886372,0.448453397,0.491168082,0.266735137
469,0.064395174,0.294561625,0.213551641,0.230166450,0.149156466
470,0.031412195,0.206888452,0.183304638,0.175476253,0.151892439
471,0.050832517,0.383839905,0.072216086,0.333007395,0.021383569
472,0.069318898,0.190185249,0.043076161,0.120866351,0.026242737
473,0.218488485,0.190864697,0.143088326,0.027623788,0.075400159
474,0.188264146,0.250178993,0.189341098,0.061914846,0.001076952
475,0.803412437,0.190115690,0.508077860,0.613296747,0.295334578
476,0.475188166,0.314624161,0.630988419,0.160564005,0.155800253
477,0.188456059,0.760306120,0.504952729,0.571850061,0.316496670
478,0.125896290,0.392556190,0.200420275,0.266659915,0.074523985
479,0.061606955,0.151773125,0.160969526,0.090166166,0.099362567
480,0.057356413,0.200042859,0.036440291,0.142686442,0.020916123
481,0.080445252,0.138553947,0.045173611,0.058108695,0.035271641
482,0.164780334,0.094308496,0.071395345,0.070471838,0.093384989
483,0.301922947,0.092994206,0.150473505,0.208928734,0.151449442
484,0.757165253,0.230699942,0.288080394,0.526465297,0.469084859
485,0.493425429,0.338851780,0.751561642,0.154573649,0.258136213
486,0.235519737,0.723362684,0.391296923,0.487842947,0.155777186
487,0.181017607,0.358564615,0.126408383,0.177547008,0.054609224
488,0.143081233,0.203184709,0.075578831,0.060103476,0.067502402
489,0.176932365,0.171298996,0.036337577,0.005633369,0.140594780
490,0.183889121,0.228374749,0.035794124,0.044485629,0.148094997
491,0.153993860,0.218520105,0.076178648,0.064526245,0.077815212
492,0.292050391,0.135081038,0.319645673,0.156969354,0.027595282
493,0.650116742,0.260946095,0.435287416,0.389170647,0.214829326
494,0.542689085,0.302166551,0.724666953,0.240522534,0.181977868
495,0.828558803,0.294844478,0.491097718,0.533714294,0.337461084
496,0.073580228,0.076883264,0.137758791,0.003303036,0.064178564
497,0.079181410,0.106815271,0.066478238,0.027633861,0.012703173
498,0.137186855,0.129308835,0.093525037,0.007878020,0.043661818
499,0.146224231,0.203855217,0.035392161,0.057630986,0.110832065
500,0.150948688,0.231709465,0.059656773,0.080760777,0.091291919
501,0.068828337,0.173338652,0.214688838,0.104510315,0.145860493
502,0.092501163,0.609191656,0.512691379,0.516690493,0.420190215
503,0.474895269,0.618561566,0.642591536,0.143666297,0.167696267
504,0.666317046,0.481852710,0.476631224,0.184464335,0.189685822
505,0.010312957,0.269244581,0.158699557,0.258931637,0.148386598
506,0.010886738,0.171471357,0.045759495,0.160584614,0.034872755
507,0.008570358,0.225524440,0.056568448,0.216954082,0.047998089
508,0.556752801,0.512857556,0.045523420,0.043895245,0.511229396
509,0.119379282,0.346023232,0.044419270,0.226643950,0.074960008
510,0.006571145,0.142995134,0.136965230,0.136423990,0.130394086
511,0.014568568,0.241530880,0.264042258,0.226962313,0.249473691
512,0.480877131,0.391818732,0.806114137,0.089058399,0.325237006
513,0.039250322,0.254509896,0.487232208,0.215259582,0.447981894
514,0.064643934,0.150010049,0.214149609,0.085366115,0.149505675
515,0.066011794,0.084106378,0.128305227,0.018094584,0.062293433
516,0.090155877,0.126358181,0.082472675,0.036202304,0.007683203
517,0.408434182,0.272862047,0.021935487,0.135572135,0.386498690
518,0.179393262,0.206463844,0.036794119,0.027070582,0.142599136
519,0.104386084,0.159425974,0.053496137,0.055039890,0.050889947
520,0.838599563,0.301773340,0.349776357,0.536826253,0.488823205
521,0.262009442,0.810010314,0.752622366,0.548000872,0.490612924
522,0.278535455,0.238344654,0.448773980,0.040190801,0.170238525
523,0.042296153,0.051552426,0.333460540,0.009256274,0.291164398
524,0.041419849,0.058873717,0.215049058,0.017453868,0.173629209
525,0.077939607,0.067027606,0.095339462,0.010912001,0.017399855
526,0.103852220,0.082770750,0.062599786,0.021081470,0.041252434
527,0.119876012,0.075770289,0.131314114,0.044105724,0.011438102
528,0.075988181,0.149660677,0.191812277,0.073672496,0.115824096
529,0.682396829,0.296755791,0.524744630,0.385641038,0.157652199
530,0.645169556,0.899733841,0.546588659,0.254564285,0.098580897
531,0.367276669,0.377729177,0.476390094,0.010452509,0.109113425
532,0.128707618,0.249415785,0.356637895,0.120708168,0.227930278
533,0.056038592,0.301979780,0.323677689,0.245941192,0.267639101
534,0.049874961,0.227039769,0.133833840,0.177164808,0.083958879
535,0.078810617,0.188378513,0.191804692,0.109567896,0.112994075
536,0.135310844,0.346308172,0.181975409,0.210997328,0.046664566
537,0.137895674,0.516893268,0.247494951,0.378997594,0.109599277
538,0.533626914,0.320455134,0.457491726,0.213171780,0.076135188
539,0.717371106,0.356493473,0.427465260,0.360877633,0.289905846
540,0.282543927,0.634720802,0.479912341,0.352176875,0.197368413
541,0.215875313,0.275552154,0.310250223,0.059676841,0.094374910
542,0.115287833,0.054956265,0.238844126,0.060331568,0.123556294
543,0.041798044,0.119240537,0.111332454,0.077442497,0.069534406
544,0.110310033,0.137099549,0.174145758,0.026789516,0.063835725
545,0.150950983,0.219093576,0.134906605,0.068142593,0.016044378
546,0.268256843,0.211120337,0.213761181,0.057136506,0.054495662
547,0.656675756,0.352526754,0.307491601,0.304149002,0.349184155
548,0.566029251,0.517993093,0.644372523,0.048036158,0.078343272
549,0.317423671,0.589947760,0.425150692,0.272524089,0.107727021
550,0.219145596,0.296016306,0.251362562,0.076870710,0.032216966
551,0.161056742,0.076882266,0.090162426,0.084174477,0.070894316
552,0.125149816,0.139851034,0.077115260,0.014701217,0.048034556
553,0.217953503,0.194545671,0.092268258,0.023407832,0.125685245
554,0.240441322,0.256524056,0.109815799,0.016082734,0.130625516
555,0.284920901,0.199580356,0.442735165,0.085340545,0.157814264
556,0.596388280,0.321895748,0.412341803,0.274492532,0.184046477
557,0.517146945,0.540152609,0.596133053,0.023005664,0.078986108
558,0.632053614,0.244518921,0.477735758,0.387534678,0.154317856
559,0.107398726,0.138419390,0.235726252,0.031020664,0.128327519
560,0.109085955,0.128116727,0.097378626,0.019030772,0.011707328
561,0.124176763,0.147680581,0.116667651,0.023503818,0.007509112
562,0.152164459,0.152666718,0.090508081,0.000502259,0.061656378
563,0.208499178,0.188919768,0.092517845,0.019579411,0.115981333
564,0.094844356,0.136938781,0.324532300,0.042094424,0.229687944
565,0.082402334,0.399579018,0.491947472,0.317176700,0.409545124
566,0.692273438,0.803376436,0.573605239,0.111102998,0.118668199
567,0.166315287,0.507232428,0.523026526,0.340917140,0.356711239
568,0.009801176,0.153896794,0.169595987,0.144095615,0.159794807
569,0.045438562,0.097707517,0.093156375,0.052268956,0.047717813
570,0.058179259,0.171606943,0.107469477,0.113427684,0.049290217
571,0.699400663,0.681849897,0.057211570,0.017550766,0.642189085
572,0.206794634,0.145431280,0.102320455,0.061363354,0.104474179
573,0.018344210,0.108249642,0.204670995,0.089905433,0.186326787
574,0.055855844,0.072848223,0.278446108,0.016992379,0.222590268
575,0.656819642,0.420643389,0.737758458,0.236176252,0.080938816
576,0.098550431,0.307238638,0.474093825,0.208688200,0.375543386
577,0.184234723,0.179574132,0.230979085,0.004660591,0.046744362
578,0.185184047,0.097041942,0.171466678,0.088142104,0.013717368
579,0.158304378,0.158873126,0.130012691,0.000568748,0.028291687
580,0.777786016,0.505829453,0.045154471,0.271956563,0.732631564
581,0.461402863,0.186717331,0.085992441,0.274685532,0.375410438
582,0.237561360,0.137600988,0.129324034,0.099960372,0.108237326
583,0.119216532,0.312750638,0.372070372,0.193534106,0.252853841
584,0.092197143,0.656678021,0.714832127,0.564480901,0.622635007
585,0.479787767,0.585349262,0.446515679,0.105561495,0.033272088
586,0.475665897,0.126772642,0.452326417,0.348893255,0.023339480
587,0.176334321,0.068183862,0.272265792,0.108150460,0.095931470
588,0.147928119,0.055729747,0.131961718,0.092198372,0.015966401
589,0.235941812,0.094641671,0.116954684,0.141300142,0.118987128
590,0.320124328,0.096666843,0.205158383,0.223457485,0.114965945
591,0.197010100,0.131342456,0.173503250,0.065667644,0.023506850
592,0.111198120,0.358286858,0.457212776,0.247088730,0.346014649
593,0.530323446,0.685286939,0.457784593,0.154963493,0.072538853
594,0.530709088,0.770067513,0.373229891,0.239358425,0.157479197
595,0.430467337,0.084351271,0.466167986,0.346116066,0.035700649
596,0.127053723,0.065707423,0.385539174,0.061346300,0.258485436
597,0.095266826,0.061121665,0.215893760,0.034145162,0.120626934
598,0.117876716,0.051031347,0.249938533,0.066845372,0.132061809
599,0.169277370,0.087451391,0.226912603,0.081825979,0.057635233
600,0.181449965,0.140757501,0.242455781,0.040692464,0.061005816
601,0.348172784,0.158827633,0.356155515,0.189345151,0.007982731
602,0.557789624,0.580118060,0.385416687,0.022328436,0.172372937
603,0.433594525,0.334316522,0.393376410,0.099278003,0.040218115
604,0.264124453,0.191165954,0.355885178,0.072958499,0.091760725
605,0.124941304,0.134633034,0.297558874,0.009691730,0.172617570
606,0.065827735,0.046131432,0.191182643,0.019696303,0.125354916
607,0.129193649,0.162256196,0.193562329,0.033062547,0.064368680
608,0.157203078,0.161533549,0.162896365,0.004330471,0.005693287
609,0.248856694,0.376546025,0.175581306,0.127689332,0.073275387
610,0.633052170,0.247988760,0.291067660,0.385063410,0.341984510
611,0.467120886,0.758767664,0.643395543,0.291646779,0.176274657
612,0.429070950,0.311340511,0.529894292,0.117730439,0.100823343
613,0.285159856,0.280166626,0.319347978,0.004993230,0.034188122
614,0.153823197,0.225058153,0.162628099,0.071234956,0.008804902
615,0.112763271,0.090577058,0.116245635,0.022186212,0.003482364
616,0.174917713,0.230112255,0.136238202,0.055194542,0.038679510
617,0.179860979,0.171527818,0.183793098,0.008333161,0.003932118
618,0.228580996,0.405128866,0.355929404,0.176547870,0.127348408
619,0.586469829,0.251925915,0.294549257,0.334543914,0.291920573
620,0.488940328,0.675091684,0.558105886,0.186151356,0.069165558
621,0.599721968,0.695571065,0.543286681,0.095849097,0.056435287
622,0.173811391,0.202934980,0.282169610,0.029123589,0.108358219
623,0.116209336,0.186709598,0.145807788,0.070500262,0.029598452
624,0.131239548,0.114145428,0.078528471,0.017094120,0.052711077
625,0.130638421,0.076614060,0.134138957,0.054024361,0.003500536
626,0.126299560,0.040625039,0.161589727,0.085674524,0.035290167
627,0.119066417,0.045382518,0.361951411,0.073683903,0.242884994
628,0.086170472,0.048269749,0.358179480,0.037900724,0.272009015
629,0.724413276,0.644359231,0.542574823,0.080054045,0.181838453
630,0.462258101,0.488105446,0.480118364,0.025847346,0.017860264
631,0.036097836,0.130444646,0.146380469,0.094346806,0.110282630
632,0.085251726,0.113045514,0.131518528,0.027793787,0.046266802
633,0.166608781,0.158092350,0.129485562,0.008516431,0.037123218
634,0.418499261,0.438671231,0.076353550,0.020171970,0.342145711
635,0.285615832,0.040848542,0.156736001,0.244767293,0.128879830
636,0.172197089,0.099606313,0.203698739,0.072590776,0.031501651
637,0.164595068,0.075932845,0.289841890,0.088662222,0.125246823
638,0.660701632,0.705107450,0.747059464,0.044405818,0.086357832
639,0.272825181,0.289344370,0.494209230,0.016519189,0.221384048
640,0.266819119,0.186539248,0.213086352,0.080279872,0.053732768
641,0.211721092,0.157358572,0.215668723,0.054362521,0.003947631
642,0.200560331,0.185551882,0.184261888,0.015008450,0.016298443
643,0.526046157,0.359734386,0.118246049,0.166311771,0.407800108
644,0.470580071,0.075905062,0.170659542,0.394675016,0.299920529
645,0.404767096,0.098854817,0.188161343,0.305912286,0.216605753
646,0.196703896,0.152448609,0.443676263,0.044255286,0.246972367
647,0.261963129,0.808769703,0.595420778,0.546806574,0.333457649
648,0.438611060,0.684460878,0.478507489,0.245849818,0.039896429
649,0.614949226,0.121039078,0.289883673,0.493910134,0.325065553
650,0.246411815,0.040400036,0.245775685,0.206011772,0.000636131
651,0.146960944,0.028093426,0.183850825,0.118867517,0.036889881
652,0.323300242,0.045354471,0.144892991,0.277945757,0.178407252
653,0.304902226,0.051625583,0.173278302,0.253276646,0.131623924
654,0.250791997,0.084090978,0.240550607,0.166701019,0.010241389
655,0.113107599,0.128967896,0.511997819,0.015860297,0.398890227
656,0.271961689,0.697147906,0.470919847,0.425186217,0.198958158
657,0.518401980,0.612110972,0.483452410,0.093708992,0.034949571
658,0.574951530,0.048879426,0.359306544,0.526072085,0.215644985
659,0.177745864,0.007616356,0.325415611,0.170129508,0.147669747
660,0.177101716,0.012072950,0.187330022,0.165028766,0.010228306
661,0.181411192,0.005443944,0.174446002,0.175967246,0.006965190
662,0.159813240,0.010633197,0.149821937,0.149180040,0.009991303
663,0.234636754,0.046082620,0.241088435,0.188554138,0.006451681
664,0.386494815,0.079561301,0.422609746,0.306933522,0.036114931
665,0.273584723,0.783665121,0.454515278,0.510080397,0.180930555
666,0.623340607,0.247538343,0.443623006,0.375802279,0.179717600
667,0.233439207,0.105546929,0.324321061,0.127892286,0.090881854
668,0.115644962,0.084226683,0.287360609,0.031418279,0.171715647
669,0.114193909,0.014002690,0.148085743,0.100191221,0.033891834
670,0.063242763,0.064033277,0.145074874,0.000790514,0.081832111
671,0.120360494,0.032699909,0.154713497,0.087660581,0.034353003
672,0.220596850,0.163112342,0.120477609,0.057484508,0.100119241
673,0.421857685,0.085070543,0.377092451,0.336787134,0.044765234
674,0.534252167,0.938766301,0.625949264,0.404514134,0.091697097
675,0.654030919,0.370726079,0.430613071,0.283304840,0.223417848
676,0.193179503,0.187313974,0.255246967,0.005865529,0.062067464
677,0.155900225,0.191305667,0.292066365,0.035405442,0.136166140
678,0.070292689,0.048896201,0.174144521,0.021396488,0.103851832
679,0.081027508,0.102575332,0.149143308,0.021547824,0.068115801
680,0.060268842,0.063093998,0.298909664,0.002825156,0.238640815
681,0.133420512,0.270074069,0.262480110,0.136653557,0.129059598
682,0.248986974,0.122273311,0.371018022,0.126713663,0.122031048
683,0.644737124,0.828307629,0.561828494,0.183570504,0.082908630
684,0.602104247,0.977108181,0.456386447,0.375003934,0.145717800
685,0.127984926,0.101065136,0.300307900,0.026919790,0.172322974
686,0.101874471,0.080482952,0.282447338,0.021391518,0.180572867
687,0.069707394,0.034851395,0.163614407,0.034855999,0.093907014
688,0.084339574,0.011332347,0.170922115,0.073007226,0.086582541
689,0.059088506,0.020503191,0.340044111,0.038585313,0.280955613
690,0.061953183,0.027564971,0.406775385,0.034388214,0.344822198
691,0.080939896,0.037506852,0.383514643,0.043433044,0.302574754
692,0.764760613,0.156964242,0.370926470,0.607796371,0.393834144
693,0.345617294,0.513941348,0.425111026,0.168324053,0.079493731
694,0.116245262,0.168818176,0.160816997,0.052572913,0.044571735
695,0.052275013,0.084061265,0.114268214,0.031786252,0.061993200
696,0.179696754,0.231352299,0.118060619,0.051655546,0.061636135
697,0.332757533,0.228769615,0.122687012,0.103987917,0.210070521
698,0.601829171,0.072476596,0.138494745,0.529352546,0.463334441
699,0.328637034,0.100042224,0.153565735,0.228594810,0.175071299
700,0.208993822,0.132550910,0.308712900,0.076442912,0.099719077
701,0.455417871,0.749405026,0.783137262,0.293987155,0.327719390
702,0.447552353,0.119488381,0.361452311,0.328063965,0.086100042
703,0.458819568,0.138742149,0.193511173,0.320077419,0.265308380
704,0.196636140,0.129302070,0.235448420,0.067334071,0.038812280
705,0.268365413,0.295027435,0.183208257,0.026662022,0.085157156
706,0.280989826,0.178398117,0.147984877,0.102591708,0.133004948
707,0.422413707,0.044218950,0.187729716,0.378194749,0.234683990
708,0.258642942,0.102223225,0.168771625,0.156419724,0.089871317
709,0.229342520,0.127312005,0.393457681,0.102030516,0.164115161
710,0.318767816,0.895697355,0.708850920,0.576929569,0.390083104
711,0.480441481,0.469276190,0.392326266,0.011165291,0.088115215
712,0.545638680,0.066293806,0.217786297,0.479344875,0.327852368
713,0.321957886,0.033614937,0.213945732,0.288342953,0.108012155
714,0.165237516,0.061939411,0.177976936,0.103298105,0.012739420
715,0.285194099,0.025861122,0.113523953,0.259332985,0.171670139
716,0.233984962,0.014400562,0.158476830,0.219584405,0.075508133
717,0.186933935,0.026573349,0.265740365,0.160360590,0.078806430
718,0.184899613,0.071062118,0.494274765,0.113837495,0.309375167
719,0.367800385,0.873948693,0.606854618,0.506148338,0.239054233
720,0.494674712,0.447996467,0.516026616,0.046678245,0.021351904
721,0.453823060,0.031858515,0.331107229,0.421964556,0.122715831
722,0.305273235,0.004094950,0.261265814,0.301178277,0.044007421
723,0.233649716,0.002548650,0.211811870,0.231101066,0.021837845
724,0.229069814,0.000676444,0.195033744,0.228393376,0.034036070
725,0.342023134,0.001948877,0.254409790,0.340074271,0.087613344
726,0.232587308,0.014546755,0.331608295,0.218040556,0.099020988
727,0.221465051,0.052726705,0.416499764,0.168738350,0.195034713
728,0.359111577,0.891776264,0.353216529,0.532664657,0.005895048
729,0.588160038,0.201237544,0.475313187,0.386922479,0.112846851
730,0.230773732,0.037717707,0.314144194,0.193056017,0.083370462
731,0.167406827,0.018489182,0.303034425,0.148917645,0.135627598
732,0.156100810,0.001410415,0.176418170,0.154690400,0.020317361
733,0.077520423,0.004630628,0.228287831,0.072889797,0.150767416
734,0.280650198,0.008064877,0.279825270,0.272585332,0.000824928
735,0.349466085,0.023714826,0.182838187,0.325751245,0.166627899
736,0.290271223,0.134296238,0.444050878,0.155974984,0.153779656
737,0.507208943,0.969047308,0.437503070,0.461838365,0.069705874
738,0.420927435,0.305240542,0.495954394,0.115686893,0.075026959
739,0.094255522,0.085012004,0.261634022,0.009243518,0.167378500
740,0.132097125,0.046399228,0.225910038,0.085697897,0.093812913
741,0.058044448,0.009897498,0.159318775,0.048146948,0.101274326
742,0.297511905,0.012221627,0.131975681,0.285290271,0.165536225
743,0.556003809,0.027428120,0.276484817,0.528575659,0.279518992
744,0.331930786,0.059361003,0.221551925,0.272569776,0.110378861
745,0.259442210,0.234070405,0.414526790,0.025371805,0.155084580
746,0.466878325,0.915497661,0.542567790,0.448619336,0.075689465
747,0.438391507,0.898071706,0.535373390,0.459680200,0.096981883
748,0.045868967,0.081347831,0.341520429,0.035478864,0.295651466
749,0.038270500,0.025382360,0.203552648,0.012888139,0.165282145
750,0.040158350,0.016230354,0.145516157,0.023927996,0.105357811
751,0.364542067,0.019031228,0.122170210,0.345510840,0.242371857
752,0.561474741,0.012032996,0.281388193,0.549441755,0.280086547
753,0.096942998,0.068656683,0.276975602,0.028286316,0.180032611
754,0.057837192,0.241031110,0.386867076,0.183193922,0.329029888
755,0.584588468,0.350179136,0.462216347,0.234409332,0.122372121
756,0.256891817,0.584854782,0.405248553,0.327962965,0.148356736
757,0.128078669,0.180058703,0.220673725,0.051980034,0.092595056
758,0.099577948,0.025579201,0.209718555,0.073998749,0.110140607
759,0.417687923,0.216769189,0.217802033,0.200918734,0.199885890
760,0.500257432,0.467431575,0.162350386,0.032825857,0.337907046
761,0.528601527,0.163869813,0.111852191,0.364731729,0.416749328
762,0.260559589,0.081154153,0.122518487,0.179405436,0.138041109
763,0.262358010,0.105183147,0.346887946,0.157174855,0.084529936
764,0.258502424,0.561146557,0.722112536,0.302644134,0.463610113
765,0.268176198,0.410611033,0.454779714,0.142434835,0.186603516
766,0.358154982,0.128954902,0.241902009,0.229200080,0.116252974
767,0.212991759,0.120810002,0.218104199,0.092181757,0.005112439
768,0.402857721,0.432037920,0.254630506,0.029180199,0.148227215
769,0.491066605,0.532454908,0.166153565,0.041388303,0.324913025
770,0.466958523,0.186831012,0.186504185,0.280127525,0.280454338
771,0.282532215,0.091101006,0.174041763,0.191431209,0.108490452
772,0.177004591,0.160199001,0.400520474,0.016805589,0.223515883
773,0.147631183,0.511018813,0.607580900,0.363387644,0.459949732
774,0.284542203,0.609950364,0.511857092,0.325408161,0.227314889
775,0.424565285,0.047834169,0.333629280,0.376731128,0.090936005
776,0.340276003,0.065542370,0.158179790,0.274733633,0.182096213
777,0.253848374,0.124094255,0.107487530,0.129754126,0.146360844
778,0.399538547,0.092033669,0.073687211,0.307504892,0.325851321
779,0.465042531,0.037908088,0.185962245,0.427134454,0.279080272
780,0.353816420,0.024034884,0.231215656,0.329781532,0.122600764
781,0.143435076,0.127336785,0.485020578,0.016098291,0.341585517
782,0.192088366,0.761102974,0.511274934,0.569014609,0.319186568
783,0.285719931,0.482863635,0.442199081,0.197143704,0.156479150
784,0.262285650,0.037075933,0.421167463,0.225209713,0.158881813
785,0.309598207,0.022032108,0.186877251,0.287566096,0.122720957
786,0.239453688,0.036624707,0.265619814,0.202828974,0.026166126
787,0.559752524,0.054181088,0.102302790,0.505571425,0.457449734
788,0.461779445,0.011201132,0.253115892,0.450578302,0.208663553
789,0.263956815,0.016411934,0.296503365,0.247544885,0.032546550
790,0.140325055,0.114372857,0.504535258,0.025952198,0.364210188
791,0.283643901,0.864424467,0.323415190,0.580780566,0.039771289
792,0.236034423,0.305015087,0.410135984,0.068980664,0.174101561
793,0.149232611,0.199236274,0.285327941,0.050003663,0.136095330
794,0.145818502,0.121926025,0.219817564,0.023892477,0.073999062
795,0.196548492,0.097819775,0.264844924,0.098728716,0.068296432
796,0.601132572,0.095399104,0.202476963,0.505733490,0.398655593
797,0.344504684,0.057734955,0.257464319,0.286769718,0.087040365
798,0.446270257,0.143073335,0.242505983,0.303196907,0.203764275
799,0.315159798,0.230569854,0.459993720,0.084589943,0.144833922
800,0.289130002,0.869924903,0.504207909,0.580794930,0.215077907
801,0.058326643,0.329354525,0.608330131,0.271027893,0.550003469
802,0.064014077,0.380229533,0.246928334,0.316215456,0.182914257
803,0.059572902,0.218818620,0.124183558,0.159245715,0.064610660
804,0.078646250,0.172506869,0.094939694,0.093860619,0.016293444
805,0.523613036,0.115166992,0.129619598,0.408446044,0.393993437
806,0.690538526,0.233770311,0.218977630,0.456768215,0.471560895
807,0.376627475,0.284617990,0.226963311,0.092009485,0.149664164
808,0.268529624,0.308472008,0.381675035,0.039942384,0.113145411
809,0.133400172,0.652101517,0.531587243,0.518701315,0.398187071
810,0.430875361,0.648978055,0.525593162,0.218102694,0.094717801
811,0.054802079,0.173424497,0.214423165,0.118622422,0.159621090
812,0.033513654,0.089048691,0.114911698,0.055535037,0.081398040
813,0.067822270,0.079133309,0.076028042,0.011311039,0.008205771
814,0.405199826,0.061691206,0.054472256,0.343508631,0.350727558
815,0.665231526,0.146557882,0.168343499,0.518673658,0.496888041
816,0.154427812,0.152765974,0.253431946,0.001661837,0.099004135
817,0.106304869,0.362124294,0.395792931,0.255819440,0.289488077
818,0.404662281,0.595653653,0.637654364,0.190991372,0.232992083
819,0.399823517,0.501817346,0.469304800,0.101993829,0.069481283
820,0.100113325,0.144487098,0.225093141,0.044373773,0.124979816
821,0.098834641,0.020163771,0.295387834,0.078670874,0.196553200
822,0.382037610,0.108306222,0.233406514,0.273731381,0.148631096
823,0.307691067,0.419045150,0.178698897,0.111354083,0.128992170
824,0.261225373,0.240301147,0.124672174,0.020924225,0.136553198
825,0.235318705,0.056601744,0.130728781,0.178716958,0.104589924
826,0.554458380,0.054464523,0.345016927,0.499993861,0.209441453
827,0.385598361,0.689675450,0.635413527,0.304077089,0.249815166
828,0.108646221,0.597092330,0.515839994,0.488446116,0.407193780
829,0.134677783,0.149970651,0.240162507,0.015292868,0.105484724
830,0.161885127,0.143392920,0.253122538,0.018492207,0.091237411
831,0.359696269,0.251219004,0.270859271,0.108477265,0.088836998
832,0.420263052,0.606894970,0.154090092,0.186631918,0.266172945
833,0.449585885,0.296558499,0.141367063,0.153027385,0.308218837
834,0.399694085,0.057733439,0.302455902,0.341960639,0.097238183
835,0.464464039,0.087976970,0.441145211,0.376487076,0.023318827
836,0.245436385,0.264528781,0.457141519,0.019092396,0.211705133
837,0.068226740,0.712908447,0.538095355,0.644681692,0.469868600
838,0.112323754,0.141462788,0.332715601,0.029139034,0.220391840
839,0.215411559,0.136500642,0.137737215,0.078910917,0.077674344
840,0.322675139,0.231024176,0.135018483,0.091650963,0.187656656
841,0.538348317,0.134343192,0.077392638,0.404005110,0.460955679
842,0.570266545,0.093673401,0.158127412,0.476593137,0.412139118
843,0.404577643,0.019033533,0.314973742,0.385544121,0.089603901
844,0.157852337,0.169079959,0.477270067,0.011227623,0.319417715
845,0.169067085,0.586491346,0.452286512,0.417424262,0.283219427
846,0.048966229,0.514597714,0.544315934,0.465631485,0.495349705
847,0.102679908,0.116300598,0.376251727,0.013620690,0.273571819
848,0.202330694,0.088797405,0.171368256,0.113533288,0.030962437
849,0.302980572,0.172762901,0.204443648,0.130217671,0.098536924
850,0.743492067,0.103353396,0.076952130,0.640138686,0.666539907
851,0.416952729,0.061729413,0.161347032,0.355223328,0.255605698
852,0.305801213,0.024412468,0.188499540,0.281388760,0.117301673
853,0.161313951,0.233401686,0.450121641,0.072087735,0.288807690
854,0.090318911,0.783815444,0.469993949,0.693496525,0.379675031
855,0.161732391,0.585319459,0.546223044,0.423587084,0.384490669
856,0.104925111,0.327545613,0.326374620,0.222620502,0.221449509
857,0.178285465,0.181069374,0.184882015,0.002783909,0.006596550
858,0.260970592,0.184529498,0.270292342,0.076441094,0.009321749
859,0.764314234,0.145455018,0.151510030,0.618859231,0.612804174
860,0.245082334,0.085088283,0.164803937,0.159994051,0.080278397
861,0.286850274,0.188848078,0.254876673,0.098002195,0.031973600
862,0.263867557,0.234166473,0.365366668,0.029701084,0.101499110
863,0.258439988,0.603641510,0.489193290,0.345201522,0.230753303
864,0.199924231,0.646563411,0.505728602,0.446639180,0.305804372
865,0.077919737,0.433065206,0.315154493,0.355145454,0.237234756
866,0.125359505,0.247937799,0.210695699,0.122578293,0.085336193
867,0.137914464,0.240611687,0.156096593,0.102697223,0.018182129
868,0.534139991,0.186106786,0.143547192,0.348033190,0.390592813
869,0.574022532,0.283890933,0.272433549,0.290131599,0.301588982
870,0.328571886,0.275351018,0.368422329,0.053220868,0.039850444
871,0.357024610,0.155956313,0.470559537,0.201068297,0.113534927
872,0.262659431,0.244280249,0.352378041,0.018379182,0.089718610
873,0.594306231,0.558725238,0.457713664,0.035580993,0.136592567
874,0.076848470,0.125264883,0.178256318,0.048416413,0.101407848
875,0.070709579,0.103569470,0.180066571,0.032859892,0.109356992
876,0.111753777,0.099590316,0.120079979,0.012163460,0.008326203
877,0.276775509,0.089755937,0.082451873,0.187019572,0.194323629
878,0.466830075,0.201692000,0.233009696,0.265138090,0.233820379
879,0.278899550,0.094879322,0.333932996,0.184020221,0.055033445
880,0.275487810,0.130853549,0.451233596,0.144634262,0.175745785
881,0.418559611,0.759361148,0.579365849,0.340801537,0.160806239
882,0.286518782,0.191496775,0.392449588,0.095022008,0.105930805
883,0.115954787,0.029050793,0.166666955,0.086903989,0.050712168
884,0.181770921,0.011626151,0.205894232,0.170144767,0.024123311
885,0.357507139,0.023496328,0.110566713,0.334010810,0.246940434
886,0.527383029,0.777168751,0.248021796,0.249785721,0.279361248
887,0.374235570,0.108242922,0.183588937,0.265992641,0.190646634
888,0.215936288,0.090695530,0.247697756,0.125240758,0.031761467
889,0.366782963,0.053384636,0.311866611,0.313398331,0.054916352
890,0.379823655,0.578804255,0.713970184,0.198980600,0.334146529
891,0.081658453,0.094678253,0.442760259,0.013019800,0.361101806
892,0.149575800,0.068685815,0.246172681,0.080889985,0.096596882
893,0.199515656,0.031091649,0.270898938,0.168424010,0.071383283
894,0.332758605,0.019685159,0.287564725,0.313073456,0.045193881
895,0.729245245,0.982037544,0.254059196,0.252792299,0.475186050
896,0.384130687,0.065884709,0.270577520,0.318245977,0.113553166
897,0.149245232,0.060093701,0.419463605,0.089151531,0.270218372
898,0.298678219,0.049317442,0.323575109,0.249360770,0.024896890
899,0.172006965,0.100906670,0.410942554,0.071100295,0.238935590
900,0.031591523,0.251448214,0.414921075,0.219856694,0.383329540
901,0.126665980,0.128996089,0.303599447,0.002330109,0.176933467
902,0.182764515,0.078180782,0.140449077,0.104583733,0.042315438
903,0.251315266,0.132902503,0.325120419,0.118412763,0.073805153
904,0.844904125,0.894828379,0.164402902,0.049924254,0.680501223
905,0.327004224,0.065252028,0.216770530,0.261752188,0.110233694
906,0.164737627,0.042912845,0.310753465,0.121824786,0.146015838
907,0.140618265,0.117197663,0.491617769,0.023420602,0.350999504
908,0.136706740,0.275328964,0.444932699,0.138622224,0.308225960
909,0.048535962,0.311791003,0.562886238,0.263255030,0.514350295
910,0.083977506,0.168860450,0.256770432,0.084882945,0.172792926
911,0.139442891,0.093046576,0.101128899,0.046396315,0.038313992
912,0.159075245,0.157962531,0.240027726,0.001112714,0.080952480
913,0.885688305,0.826657593,0.151325136,0.059030712,0.734363198
914,0.247876585,0.075957395,0.173069850,0.171919197,0.074806735
915,0.225792274,0.030116387,0.170618832,0.195675880,0.055173442
916,0.207488209,0.179327175,0.427398115,0.028161034,0.219909906
917,0.076959498,0.344187766,0.533624768,0.267228276,0.456665277
918,0.150115043,0.497521132,0.642010331,0.347406089,0.491895288
919,0.105472378,0.126104608,0.276399851,0.020632230,0.170927465
920,0.182061538,0.045866657,0.146518096,0.136194885,0.035543442
921,0.159207776,0.045132268,0.307799011,0.114075512,0.148591235
922,0.846146226,0.771527350,0.265909016,0.074618876,0.580237210
923,0.126326770,0.031856064,0.163280085,0.094470710,0.036953315
924,0.161159337,0.024252463,0.227593452,0.136906877,0.066434115
925,0.282237709,0.081001990,0.249402627,0.201235712,0.032835081
926,0.265132248,0.359180868,0.428776860,0.094048619,0.163644612
927,0.172472164,0.379465848,0.401070654,0.206993684,0.228598490
928,0.095570073,0.065586090,0.352404565,0.029983982,0.256834507
929,0.133877188,0.032757312,0.287930548,0.101119876,0.154053360
930,0.119040415,0.034392431,0.273017317,0.084647983,0.153976902
931,0.775493622,0.885340154,0.226138383,0.109846532,0.549355268
932,0.232965946,0.040867284,0.271853358,0.192098662,0.038887411
933,0.184161574,0.013494283,0.332783252,0.170667291,0.148621678
934,0.342644125,0.030003633,0.430591583,0.312640488,0.087947458
935,0.349345088,0.250735909,0.369207621,0.098609179,0.019862533
936,0.465658426,0.286216319,0.493671983,0.179442108,0.028013557
937,0.065131791,0.037981387,0.289687604,0.027150404,0.224555820
938,0.084302410,0.070505269,0.267464101,0.013797142,0.183161691
939,0.086311243,0.039225634,0.157524645,0.047085609,0.071213402
940,0.680025637,0.765555918,0.240458056,0.085530281,0.439567566
941,0.293355256,0.056916863,0.305231631,0.236438394,0.011876374
942,0.240294233,0.050532054,0.292563468,0.189762175,0.052269235
943,0.243699268,0.102081083,0.378366083,0.141618192,0.134666815
944,0.314230353,0.554831982,0.443031818,0.240601629,0.128801465
